"id_establecimiento","id_localidad","descripcion","nro_escuela","coordenadas","DOMICILIO","telefono","nombre_directivo","ciudadanos_habilitados"
4367,1,"ESC N°26 HIPOLITO YRIGOYEN",,"-34.6217845, -58.3705946","AV SAN JUAN 353",,,
4369,1,"ESC N°3 BERNARDINO RIVADAVIA",,"-34.6223131, -58.37278999999999","BOLIVAR 1235",,,
5043,1,"INSTITUTO MARIA AUXILIADORA",,"-34.6037232, -58.3815931","AV J DE GARAY 556/AV J DE GARAY S/N",,,
9009,1,"ESC. N°27 DEAN FUNES",,"-34.6245889, -58.3712026","DEFENSA 1431",,,
5113,1,"ESC Nº1 VALENTIN GOMEZ",,"-34.6174347, -58.3767387","AV INDEPENDENCIA 758",,,
7749,1,"ESCUELA GUILLERMO RAWSON",,"-34.6206602, -58.3705836","HUMBERTO Iº 343",,,
9012,1,"COL. NAC. N°7 J M PUEYRREDON",,"-34.6188043, -58.3758079","CHACABUCO 922",,,
8391,1,"UNIVERSIDAD CATOLICA ARGENTINA",,"-34.6144939, -58.36608529999999","AV. A. MOREAU DE JUSTO 1400 DIQUE 2",,,
8066,1,"UNIVERSIDAD CATOLICA ARGENTINA",,"-34.6144939, -58.36608529999999","AV. A. MOREAU DE JUSTO 1400 DIQUE 2",,,
4636,1,"ESC Nº25 BANDERA ARGENTINA",,"-34.6037232, -58.3815931","EEUU DEL BRASIL S/N Y ANT ARG",,,
4639,1,"EMEM Nº6 PADRE C MUGICA",,"-34.6037232, -58.3815931","LETONIA S/N Y ANT ARG",,,
4593,1,"COL. NAC.Nº2 D F SARMIENTO",,"-34.5935068, -58.3844291","LIBERTAD 1257",,,
4596,1,"ESC COM Nº2 D F SARMIENTO",,"-34.5926396, -58.3845309","AV PTE QUINTANA 7/31",,,
5335,1,"INST SUP DE LENGUAS VIVAS",,"-34.5902116, -58.3813387","CARLOS PELLEGRINI 1515",,,
5210,1,"USAL FACULTAD DE CS ECONOMICAS",,"-34.5913234, -58.38350389999999","M T DE ALVEAR 1335",,,
9015,1,"UCES UNIV DE CS SOCIALES Y EMP",,"-34.5981979, -58.3857551","PARAGUAY 1318",,,
9377,1,"COLEGIO JESUS MARIA",,"-34.593462, -58.38603550000001","TALCAHUANO 1260",,,
4631,1,"COLEGIO SAN MARON",,"-34.5976979, -58.37885980000001","PARAGUAY 834",,,
4641,1,"ESC Nº6 FRENCH Y BERUTI",,"-34.5928464, -58.3769576","BASAVILBASO 1295 / JUNCAL 690",,,
9023,1,"INST SUPERIOR DE LENGUAS VIVAS",,"-34.5902116, -58.3813387","CARLOS PELLEGRINI 1515",,,
4407,1,"ESC N°4  CATEDRAL J M ESTRADA",,"-34.6024738, -58.3724875","RECONQUISTA 461",,,
4409,1,"ESC N°13 GRAL SAN MARTIN",,"-34.6026153, -58.3739017","SAN MARTIN 458",,,
4410,1,"COLEGIO DE NUESTRA SEÑORA",,"-34.5993827, -58.3782439","ESMERALDA 759",,,
4412,1,"ESC N°8 NICOLAS AVELLANEDA",,"-34.6007006, -58.3853969","TALCAHUANO 680",,,
5330,1,"ESC N°7 PTE ROCA",,"-34.6016528, -58.38395449999999","LIBERTAD 581",,,
9026,1,"UMSA UNIV DE MUSEO SOCIAL ARG",,"-34.6043854, -58.3911712","AV CORRIENTES 1723",,,
4404,1,"ESC N°9 FAMILIA DE CABEZON",,"-34.6061905, -58.3826619","TTE GRAL J D PERON 1140",,,
8691,1,"ESC TEC N° 19 ALEJANDRO VOLTA",,"-34.6025053, -58.3912077","RODRIGUEZ PEÑA 551",,,
9029,1,"ESC N°5 RODRIGUEZ PEÑA",,"-34.6001909, -58.3914947","RODRIGUEZ PEÑA 747",,,
9032,1,"INSTITUTO SANTA ROSA",,"-34.6037232, -58.3815931","BARTOLOME MITRE 1655 / BME MITRE S/N",,,
4395,1,"COLEGIO DON BOSCO",,"-34.6119993, -58.39037479999999","SOLIS 252",,,
9035,1,"FUND DE ALTOS EST EN CS COM",,"-34.6081006, -58.3862774","URUGUAY 57",,,
9037,1,"ESC N°14 MARIANO NECOCHEA",,"-34.6037232, -58.3815931","PTE LUIS SAENZ PEÑA 463",,,
9040,1,"ESC N°13 PCIA S DEL ESTERO",,"-34.6166584, -58.38548540000001","CHILE 1371",,,
4350,1,"ESC N°2 FRAY C RODRIGUEZ",,"-34.616791, -58.3899482","CHILE 1670",,,
5328,1,"UADE UNIV ARG DE LA EMPRESA",,"-34.6171937, -58.38158190000001","LIMA 761 / INDEPENDENCIA 1127",,,
9043,1,"INSTITUTO LOS ROBLES",,"-34.614019, -58.3875087","LUIS SAENZ PEÑA 443",,,
9046,1,"INST NTRA SRA DE MONSERRAT",,"-34.6133951, -58.38527240000001","AV BELGRANO 1344",,,
9049,1,"UBA FAC DE CS SOCIALES",,"-34.6201589, -58.384381","SANTIAGO DEL ESTERO 1029",,,
5118,1,"ESC POLITECNICA Nº5 M BELGRANO",,"-34.6119123, -58.37334010000001","BOLIVAR 346",,,
8716,1,"COLEGIO NACIONAL BUENOS AIRES",,"-34.6110133, -58.37342710000001","BOLIVAR 263 / MORENO 519",,,
4363,1,"ESC N°3 SANCHEZ DE THOMPSON",,"-34.6148463, -58.37895389999999","TACUARI 567",,,
5116,1,"ESC Nº4 CNEL ISIDORO SUAREZ",,"-34.6139567, -58.3771308","VENEZUELA 771",,,
9052,1,"ESC N°21 HIPOLITO VIEYTES",,"-34.619043, -58.37432509999999","PERU 946",,,
4137,1,"ESC STA CATALINA DE ALEJANDRIA",,"-34.6265569, -58.3760979","PIEDRAS 1527",,,
6223,1,"UNIV ARGENTINA J F KENNEDY",,"-34.6214094, -58.37416879999999","PERU 1156",,,
8073,1,"ESC N°3 DE RECUPERACION",,"-34.6254562, -58.3765953","PIEDRAS 1430",,,
9055,1,"INST SIMON BOLIVAR",,"-34.6214409, -58.3728326","BOLIVAR 1163",,,
4394,1,"ESC N°5 AGUSTIN ALVAREZ",,"-34.6037232, -58.3815931","HUMBERTO I 1573",,,
7755,1,"COLEGIO INMACULADA CONCEPCION",,"-34.6197666, -58.3827953","CARLOS CALVO 1186",,,
8700,1,"ESC N°11 DR RICARDO GUTIERREZ",,"-34.6037232, -58.3815931","PTE. L SAENZ PEÑA 1215/SAN JUAN S/N",,,
9058,1,"ESC N°7 GRAL GUEMES",,"-34.6197647, -58.382064","CARLOS CALVO 1140",,,
4388,1,"ESC N°16 EUSTAQUIO CARDENAS",,"-34.6225263, -58.382988","SALTA 1226",,,
5109,1,"COLEGIO DE LA PROVIDENCIA",,"-34.6239528, -58.3859607","COCHABAMBA 1414",,,
9061,1,"INSTITUTO J M ESTRADA",,"-34.6254954, -58.3912673","AV ENTRE RIOS 1428",,,
4081,1,"INSTITUTO VOCACIONAL DE ARTE",,"-34.6272078, -58.3892592","AV JUAN DE GARAY 1684",,,
4083,1,"ESC N°6 TOMAS GUIDO",,"-34.6320956, -58.3854682","SAN JOSE 1985",,,
4085,1,"ESC N°4 CNEL MARINA T ESPORA",,"-34.629213, -58.3893195","SOLIS 1815",,,
9064,1,"INST ROSA ANCHORENA DE IBAÑEZ",,"-34.6227465, -58.39105379999999","AV SAN JUAN 1774",,,
9067,1,"INST HOGAR DEL PINO",,"-34.6250276, -58.3890082","CONSTITUCION 1650",,,
4591,2,"UBA FAC DE DERECHO Y CS SOCIAL",,"-34.6037232, -58.3815931","AV F ALCORTA 2263/J V GONZALEZ S/N",,,
4663,2,"ESC N°1 JUAN JOSE CASTELLI",,"-34.5902404, -58.3921459","AYACUCHO 1680",,,
4666,2,"ESC N°21 ANGEL GALLARDO",,"-34.5887946, -58.3904444","AYACUCHO 1849",,,
4676,2,"INSTITUTO NTRA SRA DEL PILAR",,"-34.5894364, -58.39271719999999","VICENTE LOPEZ 1969",,,
9227,2,"UBA FAC DE DERECHO Y CS SOCIAL",,"-34.6037232, -58.3815931","AV F ALCORTA 2263/J V GONZALEZ S/N",,,
4570,2,"ESC N°18 DR HERRERA VEGAS",,"-34.5834643, -58.40515699999999","AV GRAL LAS HERAS 3086",,,
8075,2,"COLEGIO RIO DE LA PLATA (SEC)",,"-34.5908727, -58.4038762","LAPRIDA 1635",,,
8810,2,"INST. VOCACIONAL ARGENTINO",,"-34.5929716, -58.40885919999999","CHARCAS 3034",,,
9099,2,"ESC. N°24 CORNELLA PIZARRO",,"-34.58806, -58.4016319","PEÑA 2670",,,
9102,2,"INSTITUTO SAN TARSICIO",,"-34.590175, -58.40350519999999","JUNCAL 2623",,,
9105,2,"ALIANZA FRANCESA C FORTABAT",,"-34.5886008, -58.40869679999999","BILLINGHURST 1926",,,
4600,2,"ESC N°10 GREGORIA PEREZ",,"-34.5922718, -58.40444830000001","ARENALES 2733",,,
4621,2,"INSTITUTO MERCEDES PACHECO",,"-34.5921218, -58.4036826","DR T M DE ANCHORENA 1553",,,
8818,2,"INST. M BIANCHI DE COPELLO",,"-34.5880124, -58.39934839999999","PACHECO DE MELO 2455",,,
9108,2,"INSTITUTO SAN AGUSTIN",,"-34.6037232, -58.3815931","AGUERO 2320/ AGUERO S/N",,,
9111,2,"COLEGIO SAN PABLO",,"-34.5894756, -58.3966314","PACHECO DE MELO 2300",,,
4594,2,"UBA FACULTAD DE INGENIERIA",,"-34.5884347, -58.39603709999999","AV GRAL LAS HERAS 2214",,,
4602,2,"INST N SRA DE LA MISERICORDIA",,"-34.5902629, -58.3972202","AZCUENAGA 1630",,,
9114,2,"INSTITUTO SAN MIGUEL",,"-34.5928692, -58.4003489","LARREA 1254",,,
9116,2,"INSTITUTO ETCHEVERRY BONEO",,"-34.5927751, -58.3976908","JUNCAL 2131",,,
4653,2,"COLEGIO LA ANUNCIATA",,"-34.5945043, -58.39669719999999","ARENALES 2065",,,
9119,2,"ESC. N°1 DE RECUPERACION",,"-34.5979806, -58.3959944","AYACUCHO 953",,,
9122,2,"ESC. N°1 ROQUE SAENZ PEÑA",,"-34.5996632, -58.395166","AV CORDOBA 1951",,,
4604,2,"INST INM C DE M ADORATRICES",,"-34.5978962, -58.3869766","URUGUAY 932/936",,,
4606,2,"ESC Nº3 ONESIMO LEGUIZAMON",,"-34.59579180000001, -58.388535","AV SANTA FE 1510",,,
4612,2,"COLEGIO CHAMPAGNAT",,"-34.5965628, -58.3898712","MONTEVIDEO 1046",,,
5209,2,"INSTITUTO DEL CARMEN",,"-34.5985907, -58.3918309","PARAGUAY 1706 / 1766",,,
9125,2,"ESCUELA ARGENTINA MODELO",,"-34.5964204, -58.3947127","RIOBAMBA 1059",,,
4616,2,"ESC N°1 R SAENZ PEÑA",,"-34.5987425, -58.39520359999999","PARAGUAY 1950",,,
9129,2,"ESC SUP DE COM C PELLEGRINI",,"-34.5879976, -58.3886518","M T DE ALVEAR 1851/M T DE ALVEAR S/N",,,
9132,2,"ESC N°23 BERNARDINO RIVADAVIA",,"-34.5983806, -58.4023125","LARREA 854",,,
4555,2,"COLEGIO ALETHEIA",,"-34.5945038, -58.4106289","GALLO 1353",,,
8841,2,"ESC. N°6 MANUEL BELGRANO",,"-34.5965653, -58.4048433","ECUADOR 1158",,,
8844,2,"INST EDMUNDO DE AMICIS",,"-34.5951412, -58.4053198","DR. N QUIRNO COSTA 1260",,,
9135,2,"LICEO NAC N°1 J F ALCORTA",,"-34.5927991, -58.40587979999999","AV SANTA FE 2778",,,
4545,2,"ESC N°13 REP DE IRAN",,"-34.5967691, -58.41530949999999","JOSE A CABRERA 3484",,,
9138,2,"ESC N°2 JUAN LARREA",,"-34.5944983, -58.4076311","LAPRIDA 1235",,,
9141,2,"INST EDUC NUEVO GUIDO SPANO",,"-34.5941735, -58.4130699","BILLINGHURST 1355",,,
4307,3,"ESC N°8 DR ARTURO MATEO BAS",,"-34.5993881, -58.410957","TUCUMAN 3233/SAN LUIS 3224",,,
4311,3,"ESC N°23 TOMAS DE ANCHORENA",,"-34.5987024, -58.408413","DR T M DE ANCHORENA 855",,,
4315,3,"ESC N°24 PCIA DE CATAMARCA",,"-34.6001373, -58.4074155","JEAN JAURES 870",,,
9311,3,"ESC N°14 J M DE PUEYRREDON",,"-34.6029036, -58.40507760000001","AV PUEYRREDON 630",,,
4338,3,"ESC N°10 PRESIDENTE QUINTANA",,"-34.6034196, -58.40043559999999","LAVALLE 2366",,,
4345,3,"UBA FACULTAD DE CS ECONOMICAS",,"-34.5997616, -58.3979447","AV CORDOBA 2150",,,
9285,3,"UBA FAC DE CS ECONOMICAS",,"-34.6201995, -58.41012379999999","J E URIBURU 781",,,
4318,3,"COLEGIO SANTO TOMAS DE AQUINO",,"-34.6068725, -58.3929793","TTE GRAL J D PERON 1862",,,
4320,3,"ESC Nº2 ANTONIO BERMEJO",,"-34.6017891, -58.39411200000001","RIOBAMBA 623",,,
5107,3,"INSTITUTO UNIVERSITAS",,"-34.6031927, -58.3930384","LAVALLE 1838",,,
8735,3,"UNIV DEL SALVADOR FILOSOFIA",,"-34.6032039, -58.3936566","LAVALLE 1878",,,
9372,3,"COLEGIO DEL SALVADOR",,"-34.6026809, -58.39249710000001","AV CALLAO 542",,,
4295,3,"ESC Nº16 PRESIDENTE MITRE",,"-34.6065918, -58.40637880000001","SARMIENTO 2832",,,
4298,3,"ESC Nº6 GRAL M RODRIGUEZ",,"-34.6046723, -58.4105777","DR T M DE ANCHORENA 441",,,
5096,3,"COLEGIO Nº5 BARTOLOME MITRE",,"-34.6051612, -58.41025619999999","VALENTIN GOMEZ 3163",,,
4327,3,"ESC CANGALLO SCHULE",,"-34.6071854, -58.39744439999999","TTE GRAL J D PERON 2169/2151",,,
4329,3,"UBA CENTRO DE IDIOMAS",,"-34.6068598, -58.39651379999999","JUNIN 224",,,
4335,3,"INST ARG GALLEGO SGO APOSTOL",,"-34.6093005, -58.4033446","PASO 51",,,
8743,3,"ESC Nº14 CORNELIO SAAVEDRA",,"-34.6060664, -58.3986451","SARMIENTO 2250",,,
4286,3,"UBA FACULTAD DE PSICOLOGIA",,"-34.612186, -58.4123385","HIPOLITO YRIGOYEN 3242",,,
5095,3,"ESC Nº2 M ACOSTA",,"-34.6137065, -58.4099446","GRAL URQUIZA 277",,,
5324,3,"INSTITUTO ARCANGEL SAN MIGUEL",,"-34.6099999, -58.4117383","DR T M DE ANCHORENA 41",,,
4264,3,"ESC Nº12 REP DEL PARAGUAY",,"-34.6179293, -58.41153","AGRELO 3231",,,
4271,3,"ESC Nº5 PAUL GROUSSAC",,"-34.61559, -58.4059547","CATAMARCA 462",,,
4310,3,"ESC N°6 GUILLERMO CORREA",,"-34.6177334, -58.40249309999999","SAAVEDRA 695",,,
4314,3,"ENET N°25 FRAY LUIS BELTRAN",,"-34.6186492, -58.40356329999999","AV JUJUY 780",,,
4324,3,"CIRC DE SUBOFICIALES DE LA PFA",,"-34.614522, -58.4027146","AV BELGRANO 2584",,,
5099,3,"LICEO Nº10 RICARDO ROJAS",,"-34.6118208, -58.40567359999999","AV JUJUY 150",,,
8750,3,"ESC Nº1 ESTEBAN DE LUCA",,"-34.6122083, -58.40158650000001","ADOLFO ALSINA 2499",,,
4319,3,"ESC N°15 NARCISO DE LAPRIDA",,"-34.6164138, -58.400037","MEXICO 2383",,,
4322,3,"ESC N°9 MARIANO MORENO",,"-34.6129784, -58.3961967","MORENO 2104",,,
8740,3,"COLEGIO SAN JOSE",,"-34.608572, -58.40131539999999","BARTOLOME MITRE 2455",,,
8746,3,"ESC Nº34 MONSEÑOR DE ANDREA",,"-34.6129717, -58.3966057","MORENO 2135",,,
4312,3,"COL EUSKAL ECHEA",,"-34.6171514, -58.3950085","CHILE 2032",,,
4317,3,"ESC DE COM N°5 J DE SAN MARTIN",,"-34.6175774, -58.3916969","AV ENTRE RIOS 755 / 751",,,
4341,3,"COL ISABEL CONDE DE HERNANDEZ",,"-34.6127168, -58.3926598","MORENO 1859",,,
4342,3,"INSTITUTO SUP DE VIAJANTES",,"-34.6109517, -58.3933202","COMBATE DE LOS POZOS 146",,,
4344,3,"INSTITUTO DON ORIONE",,"-34.6106035, -58.3959938","HIPOLITO YRIGOYEN 2084",,,
8157,3,"POLIDEPORTIVO CANGALLO SCHULE",,"-34.6069797, -58.3943617","TTE GRAL J D PERON 1955",,,
4261,3,"COLEGIO SANTA CRUZ",,"-34.6221464, -58.4106916","24 DE NOVIEMBRE 950",,,
4305,3,"ESC N°11 JOSE FEDERICO MORENO",,"-34.6037232, -58.3815931","HUMBERTO I 3171",,,
4263,3,"ENET N°11 MANUEL BELGRANO",,"-34.6256669, -58.4045861","COCHABAMBA 2830",,,
4265,3,"ESC N°10 F DE GURRUCHAGA",,"-34.6271471, -58.40141759999999","AV JUJUY 1471",,,
4268,3,"INSTITUTO SAN CRISTOBAL",,"-34.6037232, -58.3815931","AV JUJUY 1241/JUJUY S/N",,,
4288,3,"ESC N°3 RUFINO SANCHEZ",,"-34.6202746, -58.407663","LA RIOJA 850",,,
4300,3,"ESC NORM SUP N°8 PTE J A ROCA",,"-34.6225165, -58.40727690000001","LA RIOJA 1042",,,
5092,3,"ESC Nº17 LUIS CHORROARIN",,"-34.6215576, -58.4049226","CARLOS CALVO 2827",,,
4272,3,"ESC N°23 GRAL VIAMONTE",,"-34.6202807, -58.39726539999999","PASCO 961",,,
4274,3,"ESC N°21 CARLOS PELLEGRINI",,"-34.6244992, -58.39139229999999","AV ENTRE RIOS 1341",,,
4276,3,"ESC N°22 CARLOS PELLEGRINI",,"-34.6247109, -58.39137239999999","AV ENTRE RIOS 1359",,,
4279,3,"INSTITUTO NTRA SRA DEL HUERTO",,"-34.6184308, -58.3965906","AV INDEPENDENCIA 2140",,,
4282,3,"ESC N°25 GERVASIO A DE POSADAS",,"-34.62315330000001, -58.3974944","AV SAN JUAN 2277",,,
4059,4,"INSTITUTO FELIX F BERNASCONI",,"-34.6334334, -58.40222469999999","CATULO CASTILLO 2750",,,
5310,4,"ESC N°26 B MIGUEL DE AZCUENAGA",,"-34.6312486, -58.3960322","PICHINCHA 1873",,,
5311,4,"INSTITUTO NTRA SRA DE LUJAN",,"-34.634841, -58.39976249999999","JUJUY 2179/RONDEAU 2626",,,
4048,4,"ESC N°2 JOSE MARIA GUTIERREZ",,"-34.6325575, -58.4061252","LA RIOJA 1846",,,
5037,4,"INSTITUTO SAN VICENTE DE PAUL",,"-34.6310071, -58.4097518","24 DE NOVIEMBRE 1665",,,
5312,4,"ESC SUP N°11 RICARDO LEVENE",,"-34.6319734, -58.4047553","DEAN FUNES 1821",,,
4045,4,"ESC N°19 PROV DE FORMOSA",,"-34.6435771, -58.408675","ELIA 473",,,
5035,4,"ESC Nº2 PATRICIOS",,"-34.6390445, -58.41157219999999","AV ALMAFUERTE 66",,,
8753,4,"ESC DE RECUPERACION Nº5",,"-34.6440435, -58.4090398","JOSE A CORTEJARENA 3350",,,
4037,4,"ESC N°18 JUAN E PESTALOZZI",,"-34.6347158, -58.3929049","AV CASEROS 2152",,,
4041,4,"ESC DE COM N°18 R DE SUECIA",,"-34.6374164, -58.3909949","JUAN CARLOS GOMEZ 253",,,
4046,4,"ENET N°7 D LAVALLE DE LAVALLE",,"-34.6392889, -58.4032711","ZAVALETA 204",,,
4030,4,"ESC N° 11 REPUBLICA DE HAITI",,"-34.6567147, -58.39020439999999","LAFAYETTE 1879",,,
4033,4,"INSTITUTO SAGRADO CORAZON",,"-34.6497156, -58.3894308","AV V SARSFIELD 1351/CALIFORNIA 3018",,,
9326,4,"ENET N°14 LIBERTAD",,"-34.6475874, -58.3810983","SANTA MAGDALENA 431",,,
4121,4,"LICEO COM N°3 JOSE M ESTRADA",,"-34.6412757, -58.37993079999999","ARCAMENDIA 743",,,
5040,4,"CENTRO CENTES Nº1",,"-34.6343673, -58.3825604","RAMON CARRILLO 317",,,
8064,4,"ESC Nº5 GRAL M M DE GUEMES",,"-34.6418913, -58.3796255","ARCAMENDIA 793",,,
8788,4,"ESC N°8 CARLOS N VERGARA",,"-34.6395239, -58.3885867","AV AMANCIO ALCORTA 1934",,,
9320,4,"ENET N°4 REPUBLICA DEL LIBANO",,"-34.6299612, -58.3771172","AV MONTES DE OCA 121",,,
9323,4,"ESC N°1 REPUBLICA DE BOLIVIA",,"-34.6337752, -58.37731909999999","GRAL HORNOS 530",,,
4112,4,"ESC N°24 PRESIDENTE DERQUI",,"-34.6473082, -58.37560749999999","CALIFORNIA 1925/CALIFORNIA S/N",,,
4115,4,"ESC N°20 NIEVES E DE OROMI",,"-34.6501311, -58.37778789999999","SAN ANTONIO 682",,,
5041,4,"ESC Nº13 FRAY MAMERTO ESQUIU",,"-34.6463325, -58.38267250000001","SALOM 332",,,
9329,4,"ESC TEC N°10 FRAY LUIS BELTRAN",,"-34.64342, -58.37944230000001","VIEYTES 942",,,
9332,4,"ESC N°28 FRANCISCO P MORENO",,"-34.6442609, -58.3776407","JOSE SALMUN FEIJOO 1073",,,
4131,4,"ESC N°7 JUAN DE GARAY",,"-34.6269793, -58.3749024","AV CASEROS 734",,,
4153,4,"ESC DE BELLAS ARTES M BELGRANO",,"-34.6347637, -58.3715108","WENCESLAO VILLAFAÑE 1342",,,
6427,4,"INSTITUTO SANTA FELICITAS",,"-34.6369203, -58.37248950000001","PINZON 1480",,,
9335,4,"ESC N°3 BERNARDO DE IRIGOYEN",,"-34.6336878, -58.3756616","AV MONTES DE OCA 439",,,
4076,4,"ESC DE COM N°1 J V GONZALEZ",,"-34.6433196, -58.3736957","MONTES DE OCA 1356",,,
4077,4,"INSTITUTO ZACCARIA",,"-34.6484606, -58.37274519999999","AV MONTES DE OCA 1844",,,
4084,4,"ESC Nº11 ANTONIO BUCICH",,"-34.6370904, -58.36744400000001","BRANDSEN 1057",,,
4086,4,"ESC Nº3 JUAN MARTIN GUTIERREZ",,"-34.6417567, -58.3677468","ROCHA 1226",,,
5046,4,"ESC Nº19 REP ITALIANA",,"-34.6477538, -58.3672638","RIO CUARTO 1249",,,
5047,4,"ESC Nº4 JOSE J BERRUTTI",,"-34.6037232, -58.3815931","B QUINQUELA MARTIN 1081/ A NUÑEZ S/N",,,
4094,4,"ESC Nº14 AGUSTIN R CAFFARENA",,"-34.6342458, -58.35782570000001","NECOCHEA 1136",,,
4095,4,"ESC Nº10 G ARAOZ DE LAMADRID",,"-34.6375231, -58.3593911","GRAL GREGORIO ARAOZ DE LAMADRID 499",,,
5314,4,"ENET N°31 MAESTRO QUINQUELA",,"-34.6389565, -58.35987919999999","AV PEDRO DE MENDOZA 1777",,,
5315,4,"ESC N°9 PEDRO DE MENDOZA",,"-34.6393373, -58.36152209999999","AV PEDRO DE MENDOZA 1835",,,
5338,4,"ESC N°29 ADULTOS M BELGRANO",,"-34.6385369, -58.36186250000001","GRAL G ARAOZ DE LAMADRID 676",,,
9338,4,"ESC N°13 REPUBLICA DE CHILE",,"-34.6381456, -58.36863630000001","SUAREZ 1145",,,
4097,4,"ESC Nº2 DR CARLOS R VIGNALE",,"-34.6323242, -58.3616532","WENCESLAO VILLAFAÑE 453",,,
4099,4,"ESC Nº8 CARLOS DELLA PENA",,"-34.6274538, -58.36271439999999","E BRAUN MENENDEZ 260",,,
4101,4,"INST MADRE DE LOS EMIGRANTES",,"-34.6281484, -58.36444359999999","NECOCHEA 330",,,
9341,4,"ESC N°1 ALTE G BROWN",,"-34.6332676, -58.36141849999999","ARISTOBULO DEL VALLE 471",,,
4010,4,"ESC N°24 MARTIN GUERRICO",,"-34.6519367, -58.40978559999999","LYNCH 3536",,,
4015,4,"ESC N°23 DR LORENZO ANADON",,"-34.6518071, -58.4153585","TRAFUL 3847",,,
5030,4,"ESC N°16 SABINA B DE BOZZALLA",,"-34.6520288, -58.4073029","AV AMANCIO ALCORTA 3402",,,
5032,4,"INSTITUTO SAN VICENTE DE PAUL",,"-34.6524334, -58.4121365","ALBERTO EINSTEIN 599",,,
9344,4,"NTRA SRA DIVINA PROVIDENCIA",,"-34.6512011, -58.4112701","CACHI 724",,,
4810,4,"ENET N°33 F M DEL PLUMERILLO",,"-34.6560189, -58.4208805","AV INT FRANCISCO RABANAL 1549",,,
4815,4,"ESC N°6 DR ADOLFO SALDIAS",,"-34.6573568, -58.4175897","ECHAURI 1576",,,
4829,4,"INSTITUTO SAN ANTONIO DE PADUA",,"-34.6530909, -58.41889459999999","TILCARA 3178",,,
9347,4,"ESC N°13 P ALBERTI",,"-34.653298, -58.4318603","ITAQUI 2050",,,
4009,4,"ESC N°14 PROVINCIA DE SAN LUIS",,"-34.6442219, -58.4131693","CACHI 77",,,
4770,4,"ESC N°1 M SILVENTI DE AMATO",,"-34.643643, -58.4210933","ALAGON 300",,,
4775,4,"ESC N°5 PCIA DE CORRIENTES",,"-34.6398706, -58.42159549999999","AV CASEROS 4050",,,
4825,4,"ESC N°7 AERONAUTICA ARGENTINA",,"-34.6449831, -58.4173871","QUILMES 473",,,
5150,4,"ESC N°22",,"-34.6463149, -58.4326162","MOM 2358",,,
9350,4,"INSTITUTO NUEVA POMPEYA",,"-34.6037232, -58.3815931","FOURNIER 3157/FOURNIER S/N",,,
4049,5,"ESC N°8 ALMAFUERTE",,"-34.6338, -58.41442579999999","MAZA 1913/1935",,,
4764,5,"ESC N°23 PCIA DE ENTRE RIOS",,"-34.6366535, -58.41621889999999","AV BOEDO 1935",,,
4766,5,"ESC N°26 RCA DE COLOMBIA",,"-34.631848, -58.4200978","AV JUAN DE GARAY 3972",,,
4793,5,"ESC N°20 E FERNANDEZ ALONSO",,"-34.6394655, -58.42248350000001","MUÑIZ 2147",,,
5072,5,"INSTITUTO MARIA AUXILIADORA",,"-34.6322848, -58.42492409999999","AV JUAN DE GARAY 4353",,,
8084,5,"ESC N°7 OLEGARIO V ANDRADE",,"-34.6295022, -58.4099168","24 DE NOVIEMBRE 1536",,,
8886,5,"ESC N°22 M ZUVIRIA",,"-34.628953, -58.4229728","CONSTITUCION 4154",,,
9306,5,"ESC N°6 SAN JOSE DE CALASANZ",,"-34.6274832, -58.4266326","AV LA PLATA 1038 / LA PLATA S/N",,,
4180,5,"ESC N°14 INTENDENTE ALVEAR",,"-34.6431049, -58.473107","CASTRO 954/CASTRO S/N",,,
4308,5,"ENET N°29 RECONQUISTA DE BS AS",,"-34.6218562, -58.416417","AV BOEDO 760",,,
8889,5,"ESC N°15 CNEL R L FALCON",,"-34.6214142, -58.409977","ESTADOS UNIDOS 3141/J E URIBURU 876",,,
9353,5,"ESC N°25 P A DE SARMIENTO",,"-34.6297656, -58.4225551","TARIJA 4136",,,
9356,5,"INST MATER TER ADMIRABILIS",,"-34.6037232, -58.3815931","24 DE NOVIEMBRE 827/24 NOVIEMBRE S/N",,,
4190,5,"INSTITUTO SAN ANTONIO",,"-34.620292, -58.423226","MEXICO 4050",,,
4217,5,"ESC N°16 JOSE M RAMOS MEJIA",,"-34.6143306, -58.4246783","DON BOSCO 4200/ 33 ORIENTALES 74",,,
5079,5,"JARDIN DE INF INT CESAR COLL",,"-34.6149377, -58.4265038","HIPOLITO YRIGOYEN 4238",,,
7880,5,"INSTITUTO CARDOZO",,"-34.6148012, -58.42354249999999","HIPOLITO YRIGOYEN 4034",,,
9359,5,"COLEGIO PIO IX",,"-34.6037232, -58.3815931","YAPEYU 197/YAPEYU S/N",,,
4177,5,"ESC N°22 MARTINA GURRUCHAGA",,"-34.6205023, -58.4165791","AV BOEDO 657",,,
4184,5,"ESC N°4 SALVADOR M DEL CARRIL",,"-34.6192414, -58.42241989999999","QUINTINO BOCAYUVA 620",,,
9363,5,"COLEGIO PIO IX",,"-34.6037232, -58.3815931","YAPEYU 197/YAPEYU S/N",,,
4239,5,"INST SAN FRANCISCO DE SALES",,"-34.6146958, -58.42161719999999","HIPOLITO YRIGOYEN 3900",,,
4293,5,"ESC NAC DE CERAMICA N°1",,"-34.6103995, -58.4185718","BULNES 45",,,
8645,5,"COLEGIO MARIA AUXILIADORA",,"-34.6137798, -58.42184040000001","YAPEYU 132",,,
8647,5,"ESC N°18 ANTONIO BERMEJO",,"-34.6158044, -58.4195429","AV BELGRANO 3767",,,
9366,5,"ESC N°13 GRAL M ZAPIOLA",,"-34.61307499999999, -58.41006689999999","GRAL URQUIZA 227",,,
4304,5,"ESC N°18 ALEJANDRO CARBO",,"-34.6079952, -58.4174576","MARIO BRAVO 234/242",,,
5321,5,"ESC N°22 CARLOS J BENIELLI",,"-34.6063831, -58.41485849999999","SANCHEZ DE BUSTAMANTE 260",,,
6463,5,"ESC Nº19 FRANCISCO BALCARCE",,"-34.6011433, -58.4223165","F ACUÑA DE FIGUEROA 850",,,
8160,5,"INSTITUTO TIERRA SANTA",,"-34.608938, -58.4146499","SANCHEZ DE BUSTAMANTE 126",,,
8688,5,"COLEGIO NAC N°3 M MORENO",,"-34.6109021, -58.4169924","AV RIVADAVIA 3577",,,
4250,5,"UTN FACULTAD REGIONAL BS AS",,"-34.5985834, -58.42025329999999","AV MEDRANO 951",,,
4303,5,"COLEGIO INMACULADA CONCEPCION",,"-34.6028521, -58.4165881","MARIO BRAVO 563",,,
9150,5,"INSTITUTO WILLIAM MORRIS",,"-34.59967090000001, -58.4185612","LAVALLE 3761",,,
9369,5,"INSTITUTO BENITO NAZAR",,"-34.5978279, -58.4249535","PALESTINA 1098/E DE ISRAEL 4230",,,
5086,5,"COLEGIO GALILEO GALILEI",,"-34.6021067, -58.42557780000001","PALESTINA 748",,,
5087,5,"ESC Nº 7 JOSE MARIA TORRES",,"-34.6027562, -58.42503379999999","HUMAHUACA 4260/AV CORRIENTES 4261",,,
8672,5,"COLEGIO BETANIA",,"-34.6037232, -58.3815931","F ACUÑA DE FIGUEROA 855/MEDRANO 760",,,
9157,5,"ESCUELA ROSARIO VERA PEÑALOZA",,"-34.5983589, -58.42649230000001","PRINGLES 1165",,,
4170,5,"ESC N°23 GRAL MANUEL BELGRANO",,"-34.6093923, -58.42760999999999","PRINGLES 263",,,
4173,5,"INST PRIV ARG JAPONES (PRIM)",,"-34.6096257, -58.42905330000001","YATAY 255 / 261",,,
4218,5,"ESC N°3 MANUEL SOLA",,"-34.60270879999999, -58.4301937","LAMBARE 975",,,
4219,5,"INST PRIV ARG JAPONES (SEC)",,"-34.6093218, -58.4276564","PRINGLES 268",,,
4246,5,"ESC N°11 PCIA DE JUJUY",,"-34.6034739, -58.4265549","ROBERTO NUÑEZ 4355",,,
5320,5,"UNIV ARGENTINA J F KENNEDY",,"-34.6040793, -58.429787","SARMIENTO 4562",,,
8106,5,"INSTITUTO CASA DE JESUS",,"-34.6024463, -58.42814929999999","YATAY 869/AV CORRIENTES 4471",,,
4176,6,"ESC N°15 GRAL J G DE ARTIGAS",,"-34.6128888, -58.4363152","DR ELEODORO LOBOS 437",,,
4179,6,"INSTITUTO DIVINO ROSTRO",,"-34.606052, -58.43893959999999","LEOPOLDO MARECHAL 1041",,,
4191,6,"ESCUELA DEL NUEVO SOL",,"-34.6154206, -58.4360664","DR G ARAOZ ALFARO 373",,,
4197,6,"ESCUELA DE LA PAZ",,"-34.6139172, -58.4315715","VENANCIO FLORES 65",,,
4211,6,"ESC N°17 PTE URIBURU",,"-34.6039692, -58.4358444","AV ANGEL GALLARDO 246/250",,,
4214,6,"ESC N°7 DEL CENTENARIO",,"-34.6040949, -58.4322038","RIO DE JANEIRO 986",,,
8466,6,"UNIVERSIDAD DE MORON",,"-34.6149433, -58.4345386","DR. G. ARAOZ ALFARO 251",,,
4154,6,"INSTITUTO CALASANZ",,"-34.626031, -58.42839269999999","SENILLOSA 810 /854",,,
4187,6,"ESC N°3 PRIMERA JUNTA",,"-34.6037232, -58.3815931","AV RIVADAVIA 4817/ AV RIVADAVIA S/N",,,
4188,6,"INSTITUTO SUMMA",,"-34.6146658, -58.43150809999999","YERBAL 67/57",,,
4213,6,"ESC N°9 FLORENTINO AMEGHINO",,"-34.6224283, -58.42774689999999","AV LA PLATA 623",,,
4245,6,"ESC DE COM N°19 JUAN MONTALVO",,"-34.6208605, -58.4300546","FORMOSA 136",,,
5075,6,"ESC Nº11 M T DE ALVEAR",,"-34.6224307, -58.4301822","AV JUAN B ALBERDI 163",,,
8471,6,"INSTITUTO SANTA MARIA",,"-34.6232902, -58.4289913","SENILLOSA 568",,,
4198,6,"ESC N°14 ERNESTO PADILLA",,"-34.613076, -58.44535519999999","FELIPE VALLESE 835",,,
4199,6,"ESC N°20 TTE B MATIENZO",,"-34.6121607, -58.4406188","HIDALGO 635",,,
8094,6,"ESC TEC N°9 ING LUIS A HUERGO",,"-34.6087182, -58.4465748","MARTIN DE GAINZA 1050",,,
8096,6,"ESC N°10 ARQ M J BUSCHIAZZO",,"-34.6140973, -58.44800610000001","FELIPE VALLESE 975",,,
8474,6,"COLEGIO INTEGRAL CABALLITO",,"-34.6146071, -58.44273669999999","DR J F ARANGUREN 723",,,
8477,6,"ESC SUP ENFERMERIA C GRIERSON",,"-34.6112814, -58.4380763","J B AMBROSETTI 601",,,
8480,6,"ESC NAC N°29 M MERCANTE ARG",,"-34.6191935, -58.43852949999999","AV RIVADAVIA 5161",,,
9072,6,"ESC NORM SUP E S ZEBALLOS",,"-34.6178025, -58.4352969","AV RIVADAVIA 4950",,,
4141,6,"ESC N°4 O DE E AMERICANOS",,"-34.6282434, -58.43995969999999","DEL BARCO CENTENERA 747",,,
4144,6,"INSTITUTO DR DAMASO CENTENO",,"-34.6215557, -58.44353109999999","AV RIVADAVIA  5546/555",,,
4147,6,"ESC N°14 JOAQUIN V GONZALEZ",,"-34.6037232, -58.3815931","AV PEDRO GOYENA 984/ CACHIMAYO S/N",,,
4194,6,"ESC NAC N°29 M MERCANTE ARGENT",,"-34.6191935, -58.43852949999999","AV RIVADAVIA 5161",,,
4210,6,"LICEO N°12 FRAY M ESQUIU",,"-34.6220781, -58.43494939999999","AV JOSE M MORENO 345",,,
8486,6,"ESC N°8 ANTONIO SCHETTINO",,"-34.6241813, -58.43449889999999","AV JOSE MARIA MORENO 480",,,
4472,6,"INST REDEMETRIX CAPTIVORUM",,"-34.6064796, -58.4554443","ESPINOSA 1220 /LUIS VIALE Y ESPINOSA",,,
4473,6,"ESCUELA Nº19 GALICIA",,"-34.6081322, -58.4533112","LUIS VIALE 1052",,,
4474,6,"ESCUELA Nº11 JOSE I DE GORRITI",,"-34.6090278, -58.4582715","NICASIO OROÑO 1431/1429",,,
5154,6,"ESC Nº8 PROVINCIA DE SAN JUAN",,"-34.6093457, -58.45293239999999","CNEL A FIGUEROA 1077",,,
5059,6,"INSTITUTO MONSEÑOR DILLON",,"-34.6037232, -58.3815931","ALTE J F SEGUI 863/BIEDMA 900",,,
5060,6,"INSTITUTO SANTA BRIGIDA",,"-34.6037232, -58.3815931","AV GAONA 2068/SEGUI 991",,,
5063,6,"ESC Nº24 VIRGEN GENERALA",,"-34.619295, -58.45300080000001","JUAN JOSE BIEDMA 459",,,
8489,6,"ESC COM N°3 HIPOLITO VIEYTES",,"-34.6094199, -58.4499169","AV GAONA 1502",,,
9224,6,"ESC PRIM N°25 REP DE GUATEMALA",,"-34.6176829, -58.45454640000001","MENDEZ DE ANDES 1451",,,
4168,6,"ESC Nº3 M A MONTES DE OCA",,"-34.6270248, -58.4472066","PUAN 360",,,
4225,6,"INSTITUTO MONSEÑOR SABELLI",,"-34.6232769, -58.4452793","VICTOR MARTINEZ 62",,,
4226,6,"UBA FAC DE FILOSOFIA Y LETRAS",,"-34.6283776, -58.4466406","PUAN 480",,,
5066,6,"INSTITUTO CULTURAL MARIANISTA",,"-34.6221965, -58.4452319","AV RIVADAVIA 5656",,,
5067,6,"INSTITUTO ARGENTINO EXCELSIOR",,"-34.6242171, -58.45035909999999","AV RIVADAVIA 6028",,,
8492,6,"ESC N°4 PTE DR ARTURO ILLIA",,"-34.6244349, -58.45100369999999","AV RIVADAVIA 6065",,,
4719,7,"INSTITUTO MEDALLA MILAGROSA",,"-34.6361759, -58.446345","AV CURAPALIGUE 1155",,,
5068,7,"INSTITUTO WILLIAM DICKENS",,"-34.6360921, -58.446376","AV CURAPALIGUE 1150",,,
5069,7,"ESC Nº7 NIÑAS DE AYOHUMA",,"-34.6359024, -58.4420782","AV ASAMBLEA 1221",,,
4156,7,"ESC N°22 ANTONIO ZINNY",,"-34.6321198, -58.43426410000001","SALAS 565",,,
4157,7,"CENTRO IFPP ADOLESCENTES Nº6",,"-34.6315354, -58.42789579999999","AV ASAMBLEA 153",,,
5071,7,"ESC Nº17 PROF R BERNARDELLI",,"-34.6315814, -58.4338472","ESTRADA 627",,,
6589,7,"ESC DE REC N°8 LUIS VERNET",,"-34.6309603, -58.4438646","HORTIGUERA 742",,,
8861,7,"ESC Nº1 CHACABUCO",,"-34.633188, -58.44510709999999","AV EVA PERON 1502",,,
4051,7,"ESC DE FORM EDUC Y DEPORTIVA",,"-34.6349256, -58.42484080000001","AV LA PLATA 1707",,,
4780,7,"ESC N°21 JUAN J PASO",,"-34.6387359, -58.4304698","BEAUCHEF 1869",,,
4783,7,"ESC N°10 JUAN A MAZA",,"-34.6382811, -58.436109","CACHIMAYO 1657",,,
4794,7,"ESC N°15 PROVINCIA DE SALTA",,"-34.638946, -58.4367257","SARAZA 1353",,,
5137,7,"ESC N°24 DR FLORIAN OLIVER",,"-34.6369817, -58.4253672","SARAZA 470",,,
4737,7,"ESC N°7 TTE MANUEL F ORIGONE",,"-34.6384869, -58.44794659999999","PUMACAHUA 1247",,,
5139,7,"INSTITUTO SAN JUDAS TADEO",,"-34.6438768, -58.43607790000001","SOMELLERA 1720",,,
8097,7,"INSTITUTO MEDALLA MILAGROSA",,"-34.6361759, -58.446345","AV CURAPALIGUE 1155",,,
8864,7,"ESC Nº 23 CANADA",,"-34.6391159, -58.4357913","CACHIMAYO 1735",,,
4117,7,"COLEGIO Nº9 J J DE URQUIZA",,"-34.6037232, -58.3815931","CONDARCO 290 / BACACAY S/N",,,
4122,7,"COLEGIO SCHONTHAL",,"-34.6259321, -58.4717715","AV NAZCA 537/555",,,
4127,7,"INST MONSEÑOR A DE SAN JOSE",,"-34.6216857, -58.4682331","FELIPE VALLESE 2549",,,
8867,7,"ESC MEDIA Nº1 JULIO CORTAZAR",,"-34.6268175, -58.4692324","BOGOTA 2759",,,
4195,7,"ESC Nº12 FACUNDO ZUVIRIA",,"-34.6153205, -58.46071209999999","FRANKLIN 1836",,,
4200,7,"ESC Nº5 JUAN B PEÑA",,"-34.6157443, -58.46003049999999","MANUEL R TRELLES 948",,,
6657,7,"ESC Nº5 REPUBLICA DEL SALVADOR",,"-34.6207214, -58.467892","GRAL J DE ARTIGAS 878",,,
4132,7,"ESCUELA PARA EL HOMBRE NUEVO",,"-34.6254457, -58.4599817","GRANADEROS 168",,,
5317,7,"ESC N°15 CNEL C T SOURIGUES",,"-34.6037232, -58.3815931","J F ARANGUREN 2400/F C RODRIGUEZ S/N",,,
8870,7,"ESC Nº 12 PROVINCIA DEL CHACO",,"-34.6248746, -58.466791","AV AVELLANEDA 2547",,,
8872,7,"ESC Nº9 JOSE INGENIEROS",,"-34.629407, -58.459937","CNEL R L FALCON 2248",,,
4110,7,"INSTITUTO ANA MARIA JANER",,"-34.6037232, -58.3815931","AV J B ALBERDI 2555/ J B ALBERDI S/N",,,
4136,7,"ESC Nº8 CNEL ING P A CERVIÑO",,"-34.6340069, -58.4972122","AV VARELA 358",,,
5051,7,"ESC Nº9 JOSE MARIA PAZ",,"-34.6323237, -58.4694947","CNEL R L FALCON 2934",,,
8883,7,"INST N SRA DE LA MISERICORDIA",,"-34.633148, -58.4561225","CAMACUA 493",,,
4133,7,"ESC Nº19 LEANDRO N ALEM",,"-34.6276927, -58.4631554","FRAY CAYETANO RODRIGUEZ 95/ S/N",,,
4165,7,"ESC Nº15 R O DEL URUGUAY",,"-34.6299098, -58.4551975","AV CARABOBO 253",,,
4172,7,"LICEO Nº5 PASCUAL GUAGLIANONE",,"-34.6037232, -58.3815931","AV CARABOBO 286/ J BONIFACIO S/N",,,
4185,7,"INST NTRA SRA DE LOURDES",,"-34.6260052, -58.4549576","AV RIVADAVIA 6270",,,
5316,7,"INSTITUTO SAN JOSE DE FLORES",,"-34.6037232, -58.3815931","J BONIFACIO 2475/ J BONIFACIO S/N",,,
9282,7,"INST G DE HONOR DEL S ROSARIO",,"-34.635995, -58.45350099999999","LAUTARO 824",,,
4105,7,"ESC Nº12 RECONQUISTA",,"-34.6170049, -58.45798600000001","AV VARELA 753",,,
4106,7,"ESC Nº10 ING OCTAVIO S PICO",,"-34.6369775, -58.4654366","LAFUENTE 559",,,
4107,7,"ESC Nº16 SANTA CRUZ Y ESPEJO",,"-34.6439823, -58.46508849999999","PRIMERA JUNTA 3445",,,
4148,7,"ESC Nº6 DR C VAZ FERREIRA",,"-34.6143996, -58.4591991","AV VARELA 1040",,,
4149,7,"INSTITUTO NTRA SRA DE LUJAN",,"-34.6372006, -58.45159639999999","AV CARABOBO 967",,,
4162,7,"INST G DE HONOR DEL S ROSARIO",,"-34.635995, -58.45350099999999","LAUTARO 824",,,
8879,7,"ESC N 24 DR PEDRO A TORRES",,"-34.6037232, -58.3815931","LAUTARO 752/ LAUTARO S/N",,,
4717,7,"INSTITUTO SANTA CLARA",,"-34.6429035, -58.4558984","ZUVIRIA 2660",,,
4722,7,"ESC N°13 FRANCISCA JACQUES",,"-34.6416572, -58.4477467","LAUTARO 1440",,,
4727,7,"ESC N°4 BENJAMIN ZORRILLA",,"-34.6458636, -58.4575113","AV SAN PEDRITO 1415/1425",,,
4735,7,"COLEGIO ARMENIO ARZRUNI",,"-34.6471736, -58.4600879","JOSE MARTI 1580",,,
4739,7,"ESC N°22 HIPOLITO BOUCHARD",,"-34.6429201, -58.4498486","AVELINO DIAZ 2356",,,
5131,7,"ESC N°23 GRAL SAVIO",,"-34.6432548, -58.460357","AV SAN PEDRITO 1137",,,
5152,7,"EMEM N°3",,"-34.6480313, -58.4328076","AGUSTIN DE VEDIA 2519",,,
4706,8,"ESC N°17 GASPAR BENAVENTO",,"-34.6650315, -58.4430826","CORRALES 3420",,,
4716,8,"ESC N°18 JUAN B DE LA SALLE",,"-34.6650315, -58.4430826","CORRALES 3450",,,
4821,8,"ESC N°8 DR LUIS F LELOIR",,"-34.6595373, -58.428774","AV INT FRANCISCO RABANAL 2275",,,
4830,8,"INSTITUTO CRISTO OBRERO",,"-34.6631129, -58.438355","LAFUENTE 3242",,,
4836,8,"ESC N°9 DR JOSE B ZUBIAUR",,"-34.6608181, -58.428175","CARLOS BERG 3460",,,
4839,8,"ESC N°15 EVARISTO CARRIEGO",,"-34.6621819, -58.44299249999999","PORTELA 3150",,,
4843,8,"ESC N°14 M REMEDIOS DEL VALLE",,"-34.6620762, -58.4343348","AV INT FRANCISCO RABANAL 2751",,,
5146,8,"INSTITUTO SAN JOSE",,"-34.6634269, -58.44123959999999","CORRALES 3190",,,
5148,8,"INSTITUTO NTRA SRA DE FATIMA",,"-34.6575924, -58.4486781","PORTELA 2750",,,
4703,8,"COL MACNAB BERNAL SECUNDARIO",,"-34.690604, -58.476428","ITAQUI 6800",,,
4761,8,"COL MACNAB BERNAL PRIMARIO",,"-34.6901789, -58.4782051","AV F FERNANDEZ DE LA CRUZ 6880",,,
4769,8,"ESC N°16 DR SOFANOR CORVALAN",,"-34.6919467, -58.4670549","BERON DE ASTRADA 6351",,,
5121,8,"ESC N°13 ALFREDO LANARI",,"-34.6872551, -58.4758028","AV PIEDRABUENA 4863",,,
5124,8,"INSTITUTO SAGRADA FAMILIA",,"-34.6873631, -58.473958","COSQUIN 4951",,,
4705,8,"ESC N°9 HECTOR PANIZZA",,"-34.6888474, -58.46377680000001","BERON DE ASTRADA 5920",,,
4709,8,"ESC N°3 CRISTOBAL COLON",,"-34.6764138, -58.4721757","LARRAZABAL 4051",,,
4713,8,"ESC N°6 REPUBLICA DE LA INDIA",,"-34.683854, -58.4643638","NICOLAS DESCALZI 5425",,,
4720,8,"ESC N°4 PCIA DE TUCUMAN",,"-34.671832, -58.4694473","AV RIESTRA 5030",,,
4723,8,"ESC N°10 ITALO A FORADORI",,"-34.6839303, -58.4610441","LARRAZABAL 5001",,,
4725,8,"ESC DE BELLAS ARTES LOLA MORA",,"-34.6850683, -58.46440149999999","SOLDADO DE LA FRONTERA 5155",,,
4733,8,"ESC N°5 ARMADA ARGENTINA",,"-34.6800866, -58.46603649999999","AV LARRAZABAL 4520",,,
4756,8,"ESC N°15 DR CARLOS A VERONELLI",,"-34.6885252, -58.4636943","CAFAYATE 5388",,,
4765,8,"ENET N°13 JOSE LUIS DELPINI",,"-34.6792156, -58.467637","CNEL M CHILAVERT 5460",,,
5119,8,"INSTITUTO CONCEJAL SALVATORI",,"-34.6865149, -58.46631350000001","CAFAYATE 5115",,,
8447,8,"INST PQUIAL C H MARIO F ALSINA",,"-34.6766461, -58.47785390000001","MARTINIANO LEGUIZAMON 4030",,,
4701,8,"ESC DE COM N°12 JUAN XXIII",,"-34.6774498, -58.4803718","AQUINO 6040",,,
4707,8,"ESC N°21 SOLDADOS DE MALVINAS",,"-34.6799448, -58.49378359999999","GOLETA SANTA CRUZ 6999",,,
4711,8,"INSTITUTO NTRA SRA DE LA PAZ",,"-34.6764135, -58.4895335","AV PIEDRABUENA 3595",,,
4714,8,"ESC N°9 HOMERO MANZI",,"-34.6628492, -58.48212969999999","MIRALLA 2666",,,
4729,8,"INSTITUTO DON ORIONE",,"-34.6771481, -58.4886238","AV PIEDRABUENA 3848",,,
4731,8,"ESC N°20 DE RECUP A M DE JUSTO",,"-34.6799388, -58.4937604","GOLETA SANTA CRUZ 6997",,,
4752,8,"ESC N°11 PONCIANO VIVANCO",,"-34.6037232, -58.3815931","OLIDEN 2851 / OLIDEN S/N",,,
4773,8,"ESC N°15 RCA ARGENTINA",,"-34.6658033, -58.4715239","AV CASTAÑARES 4689",,,
5126,8,"ESC DE COM N°6 AMERICA",,"-34.664585, -58.47024189999999","AV ESCALADA 2890",,,
8164,8,"ESC N°22 STA M DE LOS BS AS",,"-34.6667462, -58.485809","ECHEANDIA 5650",,,
8451,8,"ESC N°8 JUDITH Y D DEMARCHI",,"-34.6765524, -58.48053840000001","JOSE I RUCCI 3961",,,
4772,9,"ESC N°8 REINO DE THAILANDIA",,"-34.6586807, -58.47516679999999","HOMERO 2159",,,
4778,9,"ESC N°5 ROBERTO BILLINGHURST",,"-34.6522524, -58.4714314","ZINNY 1641",,,
8919,9,"ESC N°20 ANTONIO ALICE",,"-34.6451869, -58.4693968","B FERNANDEZ MORENO 3652",,,
5024,9,"INSTITUTO LUJAN PORTEÑO",,"-34.641545, -58.4694941","FRANCISCO BILBAO 3476",,,
5025,9,"ESC N°11 DR PEDRO GOYENA",,"-34.643531, -58.4697992","GREGORIO DE LAFERRERE 3624",,,
6639,9,"ENET N°17 BRIG C SAAVEDRA",,"-34.6399575, -58.4816523","AV. LACARRA 535",,,
8113,9,"ENET N°23 CASAL CALVIÑO",,"-34.6405674, -58.48086300000001","AV LACARRA 621",,,
4070,9,"ESC Nº16 TOMAS LE BRETON",,"-34.6481099, -58.48178590000001","GRAL EUGENIO GARZON 4346",,,
4073,9,"INST NTRA SRA DE LOS REMEDIOS",,"-34.6500523, -58.47853619999999","FLORENTINO AMEGHINO 1441",,,
5028,9,"ESC N°24 S DE ELIA DE GIMENEZ",,"-34.6462519, -58.48994700000001","AV BRUIX 4620",,,
8922,9,"ENET N°8 P A DE SARMIENTO",,"-34.6399318, -58.48372930000001","PIO COLLIVADINO 436",,,
8925,9,"ESC N°21 PEDRO INCHAUSPE",,"-34.6438391, -58.4866847","RODO 4431",,,
9230,9,"ESC Nº 20 SGTO J B CABRAL",,"-34.6488966, -58.4875836","HOMERO 1157",,,
4670,9,"ESC Nº4 REPUBLICA DEL BRASIL",,"-34.649988, -58.50295209999999","MANUEL ARTIGAS 5951",,,
4677,9,"ESC Nº3 EDUARDO L HOLMBERG",,"-34.6534198, -58.4992505","LARRAZABAL 1556 / LARRAYA 1555",,,
4686,9,"LICEO Nº8 ESTEBAN ECHEVERRIA",,"-34.6037232, -58.3815931","MURGUIONDO 1568/ OLIDEN S/N",,,
4695,9,"ESC Nº13 PROF VIEIRA MENDEZ",,"-34.6490124, -58.4974444","BRAGADO 5350",,,
5212,9,"INSTITUTO C DIVINA PASTORA",,"-34.6514388, -58.50447229999999","MANUEL ARTIGAS 6124",,,
9233,9,"INST SAN PIO X",,"-34.6451861, -58.4982039","BASUALDO 780 / M. ARTIGAS 5261",,,
4693,9,"ESC Nº12 PBRO MONTES CARBALLO",,"-34.65753, -58.49392820000001","LARRAYA 2055",,,
4697,9,"ESC Nº14 JOSE ANTONIO CABRERA",,"-34.6592091, -58.4926414","SAN PEDRO 5845",,,
6759,9,"ESC PATRIA GRANDE",,"-34.6539949, -58.49668630000001","CHASCOMUS 5598",,,
8561,9,"INSTITUTO PLACIDO MARIN",,"-34.6537748, -58.499595","LARRAZABAL  1551/155",,,
9238,9,"ESC N°3 E L HOLMBERG",,"-34.6534198, -58.4992505","LARRAZABAL 1556 / LARRAYA 1555",,,
4678,9,"ESC Nº14 ISLAS MALVINAS",,"-34.6661089, -58.5044191","AV DE LOS CORRALES 7040",,,
4681,9,"ESC N°6 PROF FELIPE BOERO",,"-34.6736164, -58.50099090000001","AV EVA PERON 7431",,,
4690,9,"ESC Nº 11 EMILIO VON BEHRING",,"-34.6667399, -58.5022592","AV CNEL CARDENAS 2652",,,
9395,9,"ESC N°7 ARISTOBULO DEL VALLE",,"-34.6608037, -58.5102355","CARHUE 2157",,,
9415,9,"INSTITUTO SAN FELIPE NERI",,"-34.6037232, -58.3815931","ANDALGALA 2264/SN",,,
4661,9,"ESC Nº16 DR M LEGUIZAMON",,"-34.6525765, -58.5082931","MARTINIANO LEGUIZAMON 1470",,,
4672,9,"ESC Nº7 ARISTOBULO DEL VALLE",,"-34.6608037, -58.5102355","CARHUE 2157",,,
4675,9,"INSTITUTO MARIA ANA MOGAS",,"-34.6583993, -58.51471719999999","GUAMINI 1850",,,
5217,9,"INST LUJAN DE LOS PATRIOTAS",,"-34.6535208, -58.51870419999999","AV EMILIO CASTRO 7154",,,
8544,9,"ESC Nº13 RCA DE FILIPINAS",,"-34.658318, -58.5099981","COSQUIN 1943",,,
9404,9,"ESC DANZA N°1 NELLY RAMICONI",,"-34.6453837, -58.5078397","FONROUGE 711",,,
4738,9,"ESC Nº1 DE LA INDEP ARGENTINA",,"-34.6521861, -58.52292749999999","GUAMINI 1167",,,
5221,9,"INSTITUTO SAN JOSE (PRIMARIA)",,"-34.6497231, -58.51062009999999","AV E CASTRO 6351 / MURGUIONDO 1065",,,
5618,9,"ESC Nº10 ALFONSINA STORNI",,"-34.6510518, -58.515062","LISANDRO DE LA TORRE 1171",,,
9241,9,"INST SAN JOSE (SECUNDARIO)",,"-34.6506891, -58.5139675","MURGUIONDO 1065/ERCILLA 6598",,,
4724,9,"ESC Nº9 JOSE MARIA TORRES",,"-34.6434818, -58.5120915","AV LARRAZABAL 420",,,
4726,9,"ESC Nº8 D VELEZ SARSFIELD",,"-34.6425179, -58.51210140000001","FONROUGE 370",,,
4730,9,"ESC Nº18 REPUBLICA DE COREA",,"-34.6400582, -58.51865170000001","MURGUIONDO 76",,,
4746,9,"ESC DE COM Nº32 JOSE L SUAREZ",,"-34.6441172, -58.50880069999999","ACASUSSO 5860",,,
8120,9,"INST NTRA SRA DE LAS NIEVES",,"-34.6037232, -58.3815931","VENTURA BOSCH 6651/V BOSCH 6653",,,
9246,9,"ESC Nº15 RCA ISLAMICA PAKISTAN",,"-34.645018, -58.52043419999999","LISANDRO DE LA TORRE 550",,,
4721,9,"ESC Nº22 PCIA DE SANTA CRUZ",,"-34.6380637, -58.5278664","CUZCO 116",,,
4728,9,"ESC Nº20 M SANCHEZ DE LORIA",,"-34.63633799999999, -58.52285130000001","BARRAGAN 366",,,
4732,9,"ESC Nº4 GRAL FELIX DE OLAZABAL",,"-34.6403414, -58.5211936","RAMON L FALCON 6702",,,
4734,9,"ESC Nº17 CARLOS MOREL",,"-34.6417043, -58.5282227","IBARROLA 7249",,,
4736,9,"ESC Nº3 REPUBLICA FRANCESA",,"-34.6409987, -58.5263528","MONTIEL 153",,,
4744,9,"INSTITUTO SAN CAYETANO",,"-34.6375571, -58.5279359","CUZCO 176",,,
5237,9,"INSTITUTO DR D VELEZ SARSFIELD",,"-34.6361128, -58.52180629999999","RESERVISTAS ARGENTINOS 249",,,
9249,9,"ESC Nº2 DR F MELITON ALVAREZ",,"-34.6506044, -58.5256843","MONTIEL 1041",,,
4801,10,"ESCUELA N°16 J F KENNEDY",,"-34.629276, -58.52256019999999","BRUSELAS 721",,,
4804,10,"ESCUELA N°25 ESTADOS UNIDOS",,"-34.628381, -58.52283709999999","BRUSELAS 785",,,
4809,10,"ESC Nº14 GUILLERMO M HUDSON",,"-34.629348, -58.5284476","ARREGUI 6840",,,
5228,10,"ESCUELA N°24 MAIPU",,"-34.6327577, -58.52462149999999","GALLARDO 521",,,
8570,10,"ESCUELA N°1 MARTIN FIERRO",,"-34.6234739, -58.5138053","MARTIN FIERRO 5351",,,
5226,10,"ESC CRIST EVANGELICA ARGENTINA",,"-34.6037232, -58.3815931","IRIGOYEN 2150/PEDRO LOZANO S/N",,,
5239,10,"ESCUELA N°14 SIMON BOLIVAR",,"-34.6210113, -58.52544109999999","TINOGASTA 5768",,,
8573,10,"ENET N°35 EDUARDO LATZINA",,"-34.6206437, -58.5164569","AV LOPE DE VEGA 2150",,,
4797,10,"ENET Nº27 HIPOLITO YRIGOYEN",,"-34.6212278, -58.5176929","VIRGILIO 1980",,,
4800,10,"ESCUELA N°2 ALEJANDRO AGUADO",,"-34.6218626, -58.5091198","CERVANTES 1911",,,
4807,10,"ESC Nº18 GENDARMERIA NACIONAL",,"-34.627147, -58.506863","JUAN A GARCIA 5265",,,
5234,10,"ESC CRIST DE LA PUERTA ABIERTA",,"-34.6198185, -58.51251749999999","SANTO TOME 5130",,,
5238,10,"ESC NAC DE COM N°33 MAIPU",,"-34.6216673, -58.50871309999999","AV ALVAREZ JONTE 5075",,,
4754,10,"ESC Nº29 EDUCACION ESPECIAL",,"-34.6173207, -58.49581370000001","CHIVILCOY 1820",,,
4805,10,"ESCUELA N°9 PCIA DE MISIONES",,"-34.6142343, -58.49821550000001","LASCANO 4044",,,
4817,10,"ESC N°24 ROBERTO M ORTIZ",,"-34.6104804, -58.50089419999999","BAHIA BLANCA 2535",,,
4820,10,"ESCUELA N°3 MONTE CASTRO",,"-34.6189014, -58.50410590000001","AV ALVAREZ JONTE 4651",,,
4827,10,"ESC N°17 TTE GRAL L M CAMPOS",,"-34.6156676, -58.50594329999999","SANTO TOME 4529",,,
5240,10,"INSTITUTO SAN RAFAEL",,"-34.6197576, -58.50448699999999","BENITO JUAREZ 2159",,,
8579,10,"COLEGIO NUEVOS AIRES",,"-34.6134709, -58.49822829999999","BAHIA BLANCA 2246",,,
4819,10,"ESC Nº30 DR ESTEBAN A GASCON",,"-34.6306947, -58.50898189999999","SAN BLAS 5387",,,
5232,10,"INST SACRATISIMO CORAZON JESUS",,"-34.6310411, -58.50673080000001","MOLIERE 856",,,
5236,10,"INST N S DEL BUEN Y P SOCORRO",,"-34.6037232, -58.3815931","IRIGOYEN 1143 / MIRANDA S/N",,,
8582,10,"ESC N°10 ADA MARIA ELFLEIN",,"-34.6309234, -58.49872749999999","DR LUIS BELAUSTEGUI 4949",,,
4056,10,"ESC MODELO DOMINGO F SARMIENTO",,"-34.6370882, -58.4971438","AV RIVADAVIA 9441",,,
4058,10,"ESC Nº7 RCA ARABE DE EGIPTO",,"-34.6377742, -58.5020778","AV RIVADAVIA 9799",,,
4060,10,"ESC Nº8 BASE AEREA VC MARAMBIO",,"-34.63601999999999, -58.4959614","YERBAL 4965",,,
4063,10,"ESC Nº6 CARLOS GUIDO SPANO",,"-34.6381096, -58.4948716","RAMON L FALCON 4801",,,
4064,10,"ESC Nº1 PROF JOSE ONAINDIA",,"-34.6400342, -58.49985299999999","RAFAELA 5159",,,
5027,10,"ESC N°7 RECUERDOS DE PROVINCIA",,"-34.6437911, -58.49307749999999","AV JUAN B ALBERDI 4755",,,
5224,10,"ESC N°12 PROF RAMON GENE",,"-34.6403451, -58.5089449","GARCIA DE COSSIO 5570",,,
9264,10,"INSTITUTO SANTISIMO SACRAMENTO",,"-34.6345628, -58.49546149999999","BACACAY 4896/4890",,,
4823,10,"ESCUELA DE DANZAS JORGE DONN",,"-34.6293663, -58.50382209999999","A MAGARIÑOS CERVANTES 5068",,,
5169,10,"ESC N°4 CASIMIRO A MACIEL",,"-34.6237193, -58.501276","MARCOS PAZ 1732",,,
5233,10,"ESCUELA DE CERAMICA ARRANZ",,"-34.6293663, -58.50382209999999","A MAGARIÑOS CERVANTES 5068",,,
7764,10,"INSTITUTO SAN RAMON NONATO",,"-34.6278903, -58.5013234","CERVANTES 1168",,,
8591,10,"ESCUELA N°15 MANUEL PEÑA",,"-34.6256408, -58.4928713","SEGUROLA 1104",,,
9267,10,"INSTITUTO ANGELA COPELLO",,"-34.6298, -58.49528849999999","JUAN B JUSTO 7525",,,
4017,10,"INSTITUTO NTRA SRA DEL MILAGRO",,"-34.6359021, -58.47998669999999","MARIANO ACOSTA 195/ RAFAELA 865",,,
4034,10,"ESCUELA N°1 JOSE A FERREYRA",,"-34.63598229999999, -58.4848497","RAMON L FALCON 4126",,,
4038,10,"ESC N°2 MAXIMIO SABA VICTORIA",,"-34.6360687, -58.4853586","RAMON L FALCON 4151",,,
4039,10,"ESC Nº3 A MEDONE DE CAVIGLIA",,"-34.6344358, -58.4817682","MARIANO ACOSTA 45",,,
5026,10,"SEMINARIO I T BAUTISTA",,"-34.6357894, -58.48404119999999","RAMON L FALCON 4080",,,
9270,10,"INST JUAN B BERTHIER",,"-34.6342249, -58.4929577","BACACAY 4723/4747",,,
4757,10,"ESCUELA N°11 RCA DEL PERU",,"-34.62750520000001, -58.4897693","AV GAONA 4763",,,
4759,10,"ESC Nº10 CNEL DE MAR L ROSALES",,"-34.62161560000001, -58.49225169999999","MERCEDES 1405",,,
4762,10,"ESCUELA N°16 ERNESTO A BAVIO",,"-34.6196882, -58.4909432","BAHIA BLANCA 1551",,,
4771,10,"ESCUELA N°19 DR PEDRO I RIVERA",,"-34.621881, -58.496658","SAN BLAS 4356",,,
5165,10,"ESCUELA N°13 CNEL J A MELIAN",,"-34.6226704, -58.495594","CAMARONES 4351",,,
4032,10,"ESCUELA N°24 PADRE CASTAÑEDA",,"-34.6267945, -58.4825469","MORON 3745",,,
5336,10,"ESCUELA N°9 M FERNANDEZ",,"-34.6304489, -58.4782316","BACACAY 3542",,,
7943,10,"COLEGIO Nº18 DR A LARROQUE",,"-34.6281912, -58.4884294","MORON 4149",,,
9274,10,"ESC 23 REP DE PORTUGAL",,"-34.6295396, -58.486462","GUALEGUAYCHU 550",,,
4018,10,"ESC Nº19 FRAGATA ARA LIBERTAD",,"-34.6373165, -58.4763929","JOSE BONIFACIO 3650",,,
4024,10,"COLEGIO NTRA SRA DE LA PAZ",,"-34.6327781, -58.47428739999999","PERGAMINO 53",,,
9279,10,"ESC 3 E GIMENEZ ZAPIOLA",,"-34.6311553, -58.47986049999999","JOAQUIN V GONZALEZ 180",,,
4755,11,"INSTITUTO SANTA RITA",,"-34.6154013, -58.4875661","P ALBARRACIN DE SARMIENTO 3436",,,
4774,11,"ESC Nº18 T N TIERRA DEL FUEGO",,"-34.6109745, -58.48828","JULIO S DANTAS 3260",,,
8124,11,"INSTITUTO JUAN B JUSTO",,"-34.6129405, -58.49599550000001","LASCANO 3840",,,
8125,11,"ESCUELA N°11 ANDRES BELLO",,"-34.6222926, -58.4867088","DR LUIS BELAUSTEGUI 3751",,,
8970,11,"INSTITUTO CARLOS STEEB",,"-34.6142, -58.483977","CAMARONES 3166",,,
4932,11,"ESC Nº17 C DE RODRIGUEZ PEÑA",,"-34.6131899, -58.47940959999999","A MAGARIÑOS CERVANTES 2865",,,
4941,11,"ESCUELA N°7 RCA DE MEXICO",,"-34.6094501, -58.48040359999999","JUAN A GARCIA 2755",,,
4946,11,"ESCUELA N°7 JORGE NEWBERY",,"-34.6118585, -58.48220850000001","SAN BLAS 2962",,,
4949,11,"ESC Nº25 GRAL ALFREDO D ZUNDA",,"-34.6160287, -58.47925789999999","R ESCALADA DE SAN MARTIN 2986",,,
8611,11,"ESC N°8 QUINTINO BOCAYUVA",,"-34.6154544, -58.4809249","GRAL CESAR DIAZ 3050",,,
9165,11,"ESCUELA N°14 ENRIQUE PARKER",,"-34.6188578, -58.4718446","CONDARCO 1129",,,
4904,11,"ESCUELA N°12 DE RECUPERACION",,"-34.6133682, -58.4679178","GAVILAN 1464",,,
4938,11,"INST N S DE LA SAGRADA FAMILIA",,"-34.6160038, -58.47055160000001","GRAL J G DE ARTIGAS 1276",,,
8614,11,"ESCUELA N°6 ALFREDO PALACIOS",,"-34.6078851, -58.47361280000001","CARACAS 2057",,,
9168,11,"ESCUELA N°4 PCIA DE LA PAMPA",,"-34.6161703, -58.4671822","CARACAS 1249",,,
4898,11,"ESC Nº18 COMODORO C URTUBEY",,"-34.6053151, -58.46300469999999","A MAGARIÑOS CERVANTES 1556",,,
4907,11,"ESCUELA N°9 JAPON",,"-34.6037232, -58.3815931","SANCHEZ 1858 / A M CERVANTES S/N",,,
4910,11,"ESC Nº16 FRAY J STA M DE ORO",,"-34.6035486, -58.4712341","AV ALVAREZ JONTE 1964",,,
4917,11,"ESC Nº13 LEOPOLDO MARECHAL",,"-34.6116861, -58.4630828","GALICIA 1857",,,
4919,11,"INSTITUTO CABRINI",,"-34.6091769, -58.46902120000001","GRAL CESAR DIAZ 2076",,,
9171,11,"ESC DE COM N°17 S M DE BS AS",,"-34.6050648, -58.45972750000001","FRAGATA PRESIDENTE SARMIENTO 1817",,,
4935,11,"ESC Nº24 FRANCISCO BEIRO",,"-34.6040327, -58.4818835","BOLIVIA 2569",,,
4940,11,"ESC Nº10 ERNESTO GALLONI",,"-34.6067716, -58.4888781","HELGUERA 2435",,,
4947,11,"ESC N°21 R GRAL SAN MARTIN",,"-34.6045345, -58.48663490000001","SANTO TOME 2836",,,
5271,11,"ESCUELA N°1 DR DELLEPIANE",,"-34.6044632, -58.4922841","BAIGORRIA 3169",,,
5273,11,"ESC N°3 POLICIA FEDERAL ARG",,"-34.6036291, -58.4896087","ARGERICH 2849",,,
5283,11,"ESC N°26 D DE VEDIA DE MITRE",,"-34.6051457, -58.47580259999999","CARACAS 2372",,,
8374,11,"COLEGIO SANTISIMA VIRGEN NIÑA",,"-34.6051536, -58.4922632","CUENCA 2651",,,
4864,11,"ESC Nº2 PROF JUAN JOSE MILLAN",,"-34.5995639, -58.4947353","HELGUERA 3228",,,
5268,11,"COLEGIO NUEVO PENSAR",,"-34.599917, -58.4866955","NOGOYA 2620",,,
7768,11,"INSTITUTO EVANGELICO AMERICANO",,"-34.5993757, -58.49487190000001","HELGUERA 3246",,,
8617,11,"ESCUELA N°17 R RIVAROLA",,"-34.5983608, -58.4955944","HELGUERA 3341",,,
9174,11,"ESCUELA N°8 ALTE BCO ENCALADA",,"-34.6010199, -58.5034649","EMILIO LAMARCA 3379",,,
9176,11,"INST S J DE VILLA DEL PARQUE",,"-34.6009144, -58.4945573","PEDRO LOZANO 3151",,,
4802,11,"ENET N°24 DEFENSA DE BS AS",,"-34.6018042, -58.4959058","RICARDO GUTIERREZ 3246",,,
6902,11,"ESCUELA Nº11 DR JOSE PERALTA",,"-34.608202, -58.50660509999999","PEDRO LOZANO 4250",,,
7955,11,"G.E.V.P.",,"-34.6023166, -58.4987252","TINOGASTA 3455",,,
8620,11,"CLUB SOCIAL Y DEP P LOZANO",,"-34.6085868, -58.5072963","GUALEGUAYCHU 2902",,,
8629,11,"ESCUELA N°16 ESPAÑA",,"-34.5995011, -58.5025889","CONCORDIA 3555",,,
9179,11,"INSTITUTO JUAN B JUSTO",,"-34.6129405, -58.49599550000001","LASCANO 3840",,,
9200,11,"COLEGIO PRESENCIA VILLA DEVOTO",,"-34.606341, -58.509317","GUALEGUAYCHU 3152",,,
9203,11,"ESC EDUC ESP N°2 D F SARMIENTO",,"-34.60023, -58.4933602","PEDRO LOZANO 3056",,,
4813,11,"ESC N°4 R RUIZ DE LOS LLANOS",,"-34.6077594, -58.51485049999999","AV FRANCISCO BEIRO 4548",,,
4866,11,"VILLA DEVOTO SCHOOL",,"-34.6046754, -58.515567","PEDRO MORAN 4441/4447",,,
4872,11,"COLEGIO NAC N°19 LUIS PASTEUR",,"-34.6053354, -58.51288090000001","NAVARRO 4344",,,
5248,11,"ESCUELA DEL MIRADOR",,"-34.6061653, -58.51343860000001","FERNANDEZ DE ENCISO 3565",,,
7771,11,"UNION DEVOTO SOC ALLENDE",,"-34.6128604, -58.51044229999999","MELINCUE 4656 / S/N",,,
8632,11,"ESCUELA N°9 BENITO JUAREZ",,"-34.6146815, -58.5096011","BENITO JUAREZ 2702",,,
9206,11,"CLUB SOCIAL Y DEP PEDRO LOZANO",,"-34.6085868, -58.5072963","GUALEGUAYCHU 2902",,,
9209,11,"ESCUELA N°20 PEDRO MEDRANO",,"-34.605399, -58.52024109999999","NUEVA YORK 4713",,,
4798,11,"ESCUELA N°16 PADRE A NORES",,"-34.61409690000001, -58.52367289999999","CNEL RAMON LISTA 5256",,,
4812,11,"ESCUELA N°6 ESTADO DE ISRAEL",,"-34.6136763, -58.522648","CALDERON DE LA BARCA 3073",,,
4818,11,"ESCUELA N°22 PROF PEDRO L COMI",,"-34.6140551, -58.51783239999999","TINOGASTA 5046",,,
4851,11,"ESC N°19 FRANKLIN ROOSEVELT",,"-34.6068016, -58.524305","AV SALVADOR M DEL CARRIL 4957",,,
4869,11,"ESCUELA N°20 PEDRO MEDRANO",,"-34.605399, -58.52024109999999","NUEVA YORK 4713",,,
5230,11,"INSTITUTO SAN RAFAEL",,"-34.6160044, -58.5216145","SIMBRON 5275",,,
5242,11,"ESCUELA N°15 ANTONIO DEVOTO",,"-34.6037232, -58.3815931","AV S M DEL CARRIL 4172/N YORK 4169",,,
5245,11,"EMEM N°3 ANTONIO DEVOTO",,"-34.6006304, -58.5124948","MERCEDES 4002",,,
8638,11,"INSTITUTO CARDENAL COPELLO",,"-34.5957505, -58.50462750000001","NUEVA YORK 3433",,,
9212,11,"INST N SRA DE LA MISERICORDIA",,"-34.599284, -58.5085492","ASUNCION 3780",,,
4876,11,"ESCUELA N°8 SAN JUAN BOSCO",,"-34.593234, -58.51917390000001","MERCEDES 4966",,,
4895,11,"ESCUELA N°2 RCA DE PANAMA",,"-34.5938881, -58.5049685","AV SAN MARTIN 6387 / 6365",,,
4896,11,"INSTITUTO SAN JOSE",,"-34.5920385, -58.51009680000001","AV SAN MARTIN 6832",,,
4905,11,"ESCUELA N°5 GABRIELA MISTRAL",,"-34.5873857, -58.51240370000001","JOSE LEON CABEZON 3446",,,
5257,11,"ESCUELA N°15 RCA DE VENEZUELA",,"-34.5860348, -58.51205700000001","OBISPO SAN ALBERTO 3370",,,
8764,11,"ESCUELA N°16 RICARDO ROJAS",,"-34.5909889, -58.50773479999999","GABRIELA MISTRAL 3376",,,
9215,11,"ESC N°1 DR DELFIN GALLO",,"-34.5949834, -58.5114694","FERNANDEZ DE ENCISO 4451",,,
4879,12,"INSTITUTO DAMASA Z DE SAAVEDRA",,"-34.5739943, -58.5038451","AV ALBARELLOS 2367",,,
4893,12,"ESC N°13 HILARION M MORENO",,"-34.5759917, -58.50441720000001","GRAL J G DE ARTIGAS 5645",,,
4922,12,"EMEM N°1 R WALSH",,"-34.5795508, -58.5102778","ARGERICH 5651",,,
5249,12,"INSTITUTO POLITECNICO MODELO",,"-34.57296669999999, -58.50395429999999","AV DE LOS CONSTITUYENTES 5880",,,
8498,12,"ESC N°23 B ROLDAN",,"-34.5779069, -58.50075570000001","FRANCO 2390",,,
9075,12,"ESC N°24 EJERCITO ARGENTINO",,"-34.5824706, -58.505689","AV NAZCA 5168",,,
4897,12,"ESC N°16 DE RECUPERACION",,"-34.5844457, -58.49926809999999","AV GRAL MOSCONI 2641",,,
4912,12,"INSTITUTO NTRA SRA DEL HUERTO",,"-34.5872643, -58.5037667","AV GRAL MOSCONI 3022",,,
4916,12,"ESC N°17 G M Y R S MARTIN",,"-34.840416, -58.39516880000001","VALLEJOS 2555",,,
8055,12,"ESC N°19 T S DE BUSTAMANTE",,"-34.5847523, -58.4912222","GAVILAN 4246",,,
8502,12,"ESC N° 24 EJERCITO ARGENTINO",,"-34.5824706, -58.505689","AV NAZCA 5168",,,
8505,12,"ESCUELA DE ENSEÑANZA MEDIA N°2",,"-34.5851448, -58.4944092","ZAMUDIO 4386",,,
8508,12,"ESC N°14 LEOPOLDO LUGONES",,"-34.5820389, -58.4895951","JURAMENTO 5775",,,
9078,12,"ESCUELA N°22 REP DE NICARAGUA",,"-34.5782928, -58.50328059999999","BAZURCO 2551",,,
4939,12,"ESC N°12 CARDENAL PACELLI",,"-34.5666611, -58.50306870000001","CRISOLOGO LARRALDE 5934",,,
4942,12,"ESC N°18 H LARROQUE DE ROFFO",,"-34.5692849, -58.50686169999999","MEDEYROS 3555",,,
4967,12,"ESC N°17 GAUCHOS DE GUEMES",,"-34.5674492, -58.4940796","JOSE P TAMBORINI 5324",,,
5258,12,"ESC Nº6 LUIS PASTEUR",,"-34.5753101, -58.4962336","NAHUEL HUAPI 5740",,,
5259,12,"ESC N°9 REPUBLICA DE IRLANDA",,"-34.570904, -58.4978907","IBERA 5734",,,
7773,12,"CLUB SOC Y DEP SIN RUMBO",,"-34.572531, -58.5037292","J P TAMBORINI 6157",,,
9218,12,"ESCUELA N°19 NACIONES UNIDAS",,"-34.6037232, -58.3815931","R.YRURTIA 5806/C. PELLEGRINI S/N",,,
4945,12,"INST TOMAS DEVOTO",,"-34.6037232, -58.3815931","F D ROOSEVELT 5678/E CIVIT 5685",,,
4954,12,"COLEGIO N°12 RECONQUISTA",,"-34.5728605, -58.4894012","AV TRIUNVIRATO 4992/BAUNESS 2679",,,
4956,12,"ESC N° 10 DR RAMON J CARCANO",,"-34.5800651, -58.48442899999999","BUCARELLI 1950",,,
4957,12,"ESC N°9 DOMINGUITO",,"-34.5787806, -58.4807524","ECHEVERRIA 5034",,,
4959,12,"INSTITUTO BEATA IMELDA",,"-34.5774644, -58.48885599999999","ANDONAEGUI 2261/2287",,,
5263,12,"COLEGIO SAINT JEAN",,"-34.5760232, -58.48929700000001","MONROE 5352",,,
5267,12,"COL CONSERVACION DE LA FE N°8",,"-34.5732037, -58.4891595","BAUNESS 2635",,,
5332,12,"INSTITUTO SAGRADA FAMILIA",,"-34.576001, -58.4871412","BLANCO ENCALADA 5154/ S/N",,,
8010,12,"INST NTRA SRA DEL CARMEN",,"-34.5734362, -58.48893","CULLEN 5193",,,
8517,12,"CIRCULO GRAL URQUIZA",,"-34.5751519, -58.4899528","F D ROOSEVELT 5345",,,
9081,12,"ESC N°14 LEOPOLDO LUGONES",,"-34.5820389, -58.4895951","JURAMENTO 5775",,,
4965,12,"ESCUELA N°1 CORONEL OLAVARRIA",,"-34.5716761, -58.48968840000001","AV TRIUNVIRATO 5101",,,
4968,12,"ESC N°11 FRAY LUIS BELTRAN",,"-34.568201, -58.4915137","CAPDEVILA 3156",,,
4970,12,"ESC N°3 RCA DE COSTA RICA",,"-34.5619596, -58.4857194","MANUELA PEDRAZA 4548",,,
5285,12,"SUNDERLAND CLUB",,"-34.564894, -58.48508199999999","LUGONES 3161",,,
8520,12,"ESC N° 15 MANUEL A ACEVEDO",,"-34.564584, -58.4787268","TRONADOR 2861",,,
9084,12,"ESCUELA N°24 FRANCISCO MORAZAN",,"-34.5667655, -58.47848380000001","DR PEDRO IGNACIO RIVERA 4151",,,
9221,12,"COLEGIO CRISTO REY",,"-34.5689914, -58.4913207","QUESADA 5228",,,
4953,12,"ESC N°2 JUANA MANUELA GORRITI",,"-34.5732596, -58.4876982","AV TRIUNVIRATO 4857",,,
4958,12,"COLEGIO HORACIO WATSON",,"-34.5735846, -58.4856334","DIAZ COLODRERO 2431",,,
4982,12,"ESC N°8 JORGE ANGEL BOERO",,"-34.5759637, -58.48012480000001","JURAMENTO 4849",,,
4983,12,"ESC N°4 PCIA DE BUENOS AIRES",,"-34.5707863, -58.48417869999999","AV ALVAREZ THOMAS 3391",,,
4984,12,"ESC N°21 LIC JUSTO J NUÑEZ",,"-34.5721832, -58.47721620000001","MARIANO ACHA 2250",,,
4985,12,"UBA CBC SEDE DRAGO",,"-34.5678404, -58.4781846","HOLMBERG 2614/2644",,,
4988,12,"INSTITUTO SAN VICENTE PALLOTI",,"-34.5717633, -58.47067939999999","ECHEVERRIA 3920",,,
4989,12,"INSTITUTO HIJAS DE JESUS",,"-34.5691612, -58.473335","OLAZABAL 3849/3871",,,
4991,12,"ESC N°18 JOSE HERNANDEZ",,"-34.5732371, -58.46866430000001","LA PAMPA 3855",,,
8014,12,"ESC Nº16 EJERCITO DE LOS ANDES",,"-34.5779692, -58.4807034","AV TRIUNVIRATO 4247",,,
4994,12,"ESC N°22 FELIX DE AZARA",,"-34.6037232, -58.3815931","J P TAMBORINI 3948/J P TAMBORINI S/N",,,
4995,12,"INST STA MARIA DE LOS ANGELES",,"-34.5592587, -58.480292","MANUELA PEDRAZA 3978",,,
4996,12,"INSTITUTO NTRA SRA DEL CARMEN",,"-34.5622667, -58.4729577","ROQUE PEREZ 2786",,,
5289,12,"INSTITUTO SANTA CLARA DE ASIS",,"-34.558586, -58.47911819999999","MANUELA PEDRAZA 3850",,,
4966,12,"ESC N°19 NACIONES UNIDAS",,"-34.6037232, -58.3815931","R YRURTIA 5806/C PELLEGRINI S/N",,,
9087,12,"ESC N°12 ESPAÑA",,"-34.6037232, -58.3815931","VALDENEGRO 3525/ VALDENEGRO S/N",,,
9090,12,"ESC DULCISIMO NOMBRE DE JESUS",,"-34.5605325, -58.49036479999999","CRISOLOGO LARRALDE 4841",,,
4971,12,"ESC N°14 DR VICENTE C GALLO",,"-34.5513304, -58.4954483","DEHEZA 4728",,,
4974,12,"ESC N°13 DR IGNACIO ALBARRACIN",,"-34.5526333, -58.49292310000001","MARIANO ACHA 4452",,,
4993,12,"ESC N°25 REPUBLICA DE TURQUIA",,"-34.5506878, -58.48650999999999","RUIZ HUIDOBRO 3853",,,
4997,12,"ESC N°14 DEL BARCO CENTENERA",,"-34.5554508, -58.47828879999999","ROQUE PEREZ 3545",,,
5291,12,"EMEM Nº5 MONSEÑOR E ANGELELLI",,"-34.5528089, -58.48672370000001","TRONADOR 4134",,,
8535,12,"ESC N° 18 J B TERAN",,"-34.5522161, -58.49521499999999","ARIAS 4763",,,
9093,12,"ESC N°21 CNEL C SAAVEDRA",,"-34.5491405, -58.4789056","GRAL RAMON FREIRE 4080",,,
4445,12,"INST SAN FRANCISCO DE ASIS",,"-34.549824, -58.4697463","CRISOLOGO LARRALDE 2551",,,
4450,12,"ESC N°15 PCIA DE SANTA FE",,"-34.5413681, -58.47630040000001","PICO 2629/2689",,,
4453,12,"INST SAN FRANCISCO DE ASIS",,"-34.54923970000001, -58.4695739","CIUDAD DE LA PAZ 3646",,,
4457,12,"INSTITUTO SAN ISIDRO LABRADOR",,"-34.5426089, -58.4742436","AV SAN ISIDRO 4700",,,
5006,12,"ESC N°21 CNEL C SAAVEDRA",,"-34.5491405, -58.4789056","GRAL RAMON FREIRE 4080",,,
5295,12,"COLEGIO DIVINA PROVIDENCIA",,"-34.5432115, -58.47893190000001","ARIAS 2915/ DEHEZA 2946",,,
5297,12,"COLEGIO HIGHEST",,"-34.5532043, -58.4758672","CRISOLOGO LARRALDE 3281",,,
9096,12,"ESCUELA RICARDO MONNER SANS",,"-34.5454777, -58.4743692","RUIZ HUIDOBRO 2643",,,
5170,13,"ESC TECNICA RAGGIO",,"-34.5360171, -58.466686","AV DEL LIBERTADOR 8635/8651",,,
8166,13,"COLEGIO LOMAS DE NUÑEZ",,"-34.540501, -58.4702937","ARCOS 4531",,,
4480,13,"ESC N°20 VICEALMIRANTE MONTES",,"-34.550836, -58.4536937","AV CONGRESO 1553",,,
4491,13,"ESC N°10 JOAQUIN M CULLEN",,"-34.5467389, -58.46058360000001","ONCE DE SEPTIEMBRE 3451",,,
4495,13,"INSTITUTO AULA XXI",,"-34.54895, -58.4589565","ONCE DE SEPTIEMBRE 3168",,,
8803,13,"INSTITUTO BELGRANO UNO",,"-34.5510301, -58.45607620000001","ARRIBEÑOS 2871",,,
4442,13,"ESC N°7 MANUEL J GARCIA",,"-34.5498926, -58.46736659999999","AV CABILDO 3615",,,
4485,13,"ESC N°9 EVARISTO JULIO BADIA",,"-34.5511574, -58.4607999","O HIGGINS 3050",,,
4490,13,"ESC N°10 DE RECUPERACION",,"-34.54866, -58.4633271","O HIGGINS 3401",,,
8767,13,"INSTITUTO GENERAL SAN MARTIN",,"-34.5532823, -58.4640839","IBERA 2351",,,
4447,13,"ESC N°4 CNEL F BRANDSEN",,"-34.5516831, -58.4682062","JUANA AZURDUY 2541",,,
5004,13,"ESC N°12 RODOLFO SENET",,"-34.554397, -58.4703792","AV CRAMER 3271",,,
5007,13,"ESC N°16 REPUBLICA DOMINICANA",,"-34.558628, -58.46866259999999","AV CONGRESO 3045",,,
5013,13,"EMEM N°5 HEROES DE MALVINAS",,"-34.564447, -58.46160700000001","AV CRAMER 2136",,,
5014,13,"ESC N°19 PABLO PIZZURNO",,"-34.5616062, -58.4654755","MONROE 3000",,,
5016,13,"BELGRANO DAY SCHOOL",,"-34.5646364, -58.46348729999999","MENDOZA 3036",,,
5298,13,"ESC DE COM N°7 M BELGRANO",,"-34.5619765, -58.4660894","MONROE 3061",,,
5300,13,"INST N SRA DEL SAGRADO CORAZON",,"-34.5623101, -58.46429430000001","BLANCO ENCALADA 2942",,,
5301,13,"ESC ARGENTINA GRAL BELGRANO",,"-34.6037232, -58.3815931","MONROE 3021/ CONESA S/N",,,
6968,13,"ESC N°5 JUAN B ALBERDI",,"-34.6037232, -58.3815931","MOLDES 2043/ MOLDES S/N",,,
8171,13,"INSTITUTO SAN CAYETANO",,"-34.5668133, -58.45679070000001","MOLDES 1764",,,
4424,13,"ENET N°28 REP FRANCESA",,"-34.5580088, -58.45730450000001","CUBA 2410",,,
4462,13,"ESC N°17 JUAN BALESTRA",,"-34.5571913, -58.45660830000001","ARCOS 2440",,,
4469,13,"ESC NORM SUP N°10 J B ALBERDI",,"-34.5566192, -58.4556951","O HIGGINS 2441",,,
4471,13,"ESC N°22 E DE SAN MARTIN",,"-34.5522312, -58.45170369999999","FRANKLIN D ROOSEVELT 1510",,,
4475,13,"UNITED HIGH SCHOOL",,"-34.5543096, -58.45159779999999","MONTAÑESES 2434",,,
5159,13,"COLEGIO OXFORD",,"-34.5509684, -58.4538757","AV CONGRESO 1570",,,
4507,13,"ESC N°8 A GONZALEZ FERNANDEZ",,"-34.5524705, -58.44298240000001","MENDOZA 1000",,,
5164,13,"ESCUELA CRISTOFORO COLOMBO",,"-34.5506289, -58.4411368","RAMSAY 2251",,,
8771,13,"INSTITUTO SAN ROMAN",,"-34.5558349, -58.44627680000001","JURAMENTO 1368",,,
8774,13,"ESC Nº 23 JOSE C PAZ",,"-34.6037232, -58.3815931","MCAL A J DE SUCRE 1367",,,
4419,13,"ESC N°2 CASTO MUNITA",,"-34.5614716, -58.4542258","CUBA 2039",,,
4481,13,"INST NS DE LA MISERICORDIA",,"-34.5676949, -58.4493403","AV CABILDO 1333",,,
4489,13,"INSTITUTO MANUEL BELGRANO",,"-34.5638789, -58.4525219","LA PAMPA 2226",,,
8777,13,"INST NTRA SRA DEL ROSARIO",,"-34.5650613, -58.4555311","CIUDAD DE LA PAZ 1839",,,
8779,13,"INST NS DE LA MISERICORDIA G",,"-34.5666301, -58.4494063","VIRREY LORETO 2292",,,
8985,13,"ST MATTHEW S COLLEGE",,"-34.5686359, -58.4546345","MOLDES 1487",,,
4427,13,"ESC N°3 ESTEBAN ECHEVERRIA",,"-34.5659967, -58.4575073","MOLDES 1858",,,
4434,13,"INST SUPERIOR ARGENTINA 2000",,"-34.5664281, -58.45843170000001","VIDAL 1861",,,
5015,13,"LICEO N°9 SANTIAGO DERQUI",,"-34.5676427, -58.46032659999999","CONESA 1855",,,
5302,13,"INST PATROCINIO DE SAN JOSE",,"-34.5678888, -58.460153","CONESA 1830/1846",,,
8782,13,"INST PATROCINIO DE SAN JOSE G",,"-34.56825930000001, -58.4601334","LA PAMPA 3023",,,
8785,13,"NUEVA ESCUELA ARGENTINA 2000",,"-34.5666574, -58.458277","VIDAL 1838",,,
4992,13,"BS AS ENGLISH HIGH SCHOOL",,"-34.5706685, -58.4654181","AV MELIAN 1854",,,
5017,13,"COLEGIO ST BRENDAN S",,"-34.5682557, -58.46616909999999","SUPERI 2057",,,
8824,13,"ST CATHERINE S SCHOOL",,"-34.5716124, -58.460707","CARBAJAL 3250",,,
8826,13,"COLEGIO SWORN JUNIOR",,"-34.5711865, -58.4620615","VIRREY DEL PINO 3299",,,
4504,13,"ESC Nº17 MONSEÑOR FRANCESCHI",,"-34.5751291, -58.46086659999999","GRAL ENRIQUE MARTINEZ 1432",,,
4511,13,"ESC Nº12 M DE PERU R CASTILLA",,"-34.5766256, -58.45218910000001","CONDE 943",,,
4519,13,"ESC Nº7 MARCOS SASTRE",,"-34.5735111, -58.4546898","VIRREY LORETO 3050",,,
5177,13,"INSTITUTO COMPAÑIA DE MARIA",,"-34.5755638, -58.45281420000001","CESPEDES 3128",,,
7227,13,"COLEGIO N°8 JULIO A ROCA",,"-34.5693747, -58.45929650000001","C E ZUBERBUHLER 1850",,,
4546,13,"UNIVERSIDAD CATOLICA ARGENTINA",,"-34.5795033, -58.4443707","GRAL RAMON FREIRE 183",,,
4551,13,"INST ESPAÑOL VIRGEN DEL PILAR",,"-34.5754374, -58.4480284","AV FEDERICO LACROZE 2950",,,
4556,13,"ESC Nº13 R SCALABRINI ORTIZ",,"-34.6037232, -58.3815931","CONDE 223/ CONDE S/N",,,
4499,13,"ESC Nº16 CAPITAN MOYANO",,"-34.5706468, -58.4511864","MOLDES 1102",,,
4517,13,"COL HANS CHRISTIAN ANDERSEN",,"-34.5687965, -58.4508228","CIUDAD DE LA PAZ 1282",,,
4583,13,"ESC Nº3 JUANA MANSO",,"-34.5727248, -58.4422254","ZAPATA 449",,,
7311,13,"ESC N°15 GRAL B O HIGGINS",,"-34.5756841, -58.44819500000001","AV FEDERICO LACROZE 2971",,,
8142,13,"COLEGIO INDUSTRIAL LEON XIII",,"-34.5784026, -58.43983180000001","AV DORREGO 2112",,,
8144,13,"SOC ESP DE SOCORROS MUTUOS",,"-34.5658905, -58.4548915","CIUDAD DE LA PAZ 1750",,,
4487,14,"WASHINGTON SCHOOL",,"-34.5661752, -58.4412269","AV FEDERICO LACROZE 1973",,,
4527,14,"ESC Nº10 MANUEL LAINEZ",,"-34.5695917, -58.44327639999999","OLLEROS 2325",,,
4529,14,"INST SANTA MARIA DE LUJAN",,"-34.5708596, -58.4406039","TRES DE FEBRERO 760",,,
4548,14,"ESC Nº3 M SANCHEZ DE THOMPSON",,"-34.5587769, -58.45950730000001","AV CABILDO 40",,,
8656,14,"INSTITUTO ESQUIU",,"-34.56698400000001, -58.44414750000001","11 DE SEPTIEMBRE 1240",,,
8659,14,"COLEGIO LINCOLN",,"-34.5692202, -58.44284990000001","OLLEROS 2283",,,
9255,14,"ESC Nº10 MANUEL LAINEZ",,"-34.5690112, -58.4439524","AV FEDERICO LACROZE 2322",,,
4522,14,"ESC Nº5 CONGRESO DE LA NACION",,"-34.5650154, -58.4341698","AV DEL LIBERTADOR 4777",,,
4525,14,"ESC Nº30 GRANAD DE SAN MARTIN",,"-34.5642241, -58.4355098","AV DEL LIBERTADOR 4903",,,
4535,14,"INSTITUTO HOGAR SAN BENITO",,"-34.5710593, -58.4306327","ARCE 322",,,
4537,14,"ESC Nº8 ARMENIO ARGENTINA",,"-34.569317, -58.4335434","ARCE 611",,,
8670,14,"COLEGIO CORAZON DE JESUS",,"-34.5735753, -58.4381709","C ARENAL 2357/ AV CABILDO 123",,,
9258,14,"UB FACULTAD DE INGENIERIA",,"-34.5654672, -58.4426392","VILLANUEVA 1324",,,
4524,14,"INSTITUTO SAN MARTIN DE TOURS",,"-34.5777593, -58.4032811","AV FIGUEROA ALCORTA 3380",,,
4528,14,"INSTITUTO BAYARD",,"-34.5781003, -58.40627569999999","JERONIMO SALGUERO 2969",,,
5181,14,"INSTITUTO SUPERIOR ECCLESTON",,"-34.5648649, -58.4193723","AV DORREGO 3751",,,
4536,14,"CENTRO CENTES N°2",,"-34.5781365, -58.41121479999999","JUAN FRANCISCO SEGUI 3755",,,
4539,14,"ENET N°2 OSVALDO MAGNASCO",,"-34.5849604, -58.41618930000001","AV SANTA FE 3727",,,
4542,14,"ESC DE JARDINERIA C M HICKEN",,"-34.5816199, -58.4165374","AV GRAL LAS HERAS 4078",,,
5185,14,"INSTITUTO LANGE LEY",,"-34.58316, -58.4128789","AV R SCALABRINI ORTIZ 2840",,,
9383,14,"INSTITUTO BAYARD",,"-34.5782526, -58.40531910000001","CASTEX 3348",,,
9385,14,"COLEGIO SANTA TERESA DE JESUS",,"-34.5820738, -58.4108147","AV GRAL LAS HERAS 3670",,,
9386,14,"INST CORAZON DE MARIA",,"-34.5902756, -58.4124172","GUISE 1965/1979",,,
9387,14,"ESC Nº20 CARLOS M BIEDMA",,"-34.585331, -58.423841","GUEMES 4610/ GUEMES S/N",,,
4538,14,"ESC N°26 ADOLFO VAN GELDEREN",,"-34.5831139, -58.4104058","JERONIMO SALGUERO 2455",,,
4549,14,"COLEGIO TERESA DE JESUS (SEC)",,"-34.5827883, -58.4107941","ARAOZ 2954",,,
4553,14,"ESC N SUP Nº8 LENGUAS VIVAS",,"-34.5853535, -58.4104432","JUNCAL 3251",,,
4558,14,"ESC N°16 WENCESLAO POSSE",,"-34.5859566, -58.4086044","JUNCAL 3131/3185",,,
8676,14,"ESC PRIM Nº12 GRAL LAS HERAS",,"-34.67055879999999, -58.50796279999999","J ALVAREZ 2849/ J SALGUERO 2360",,,
4566,14,"ESC NORM N°6 V LOPEZ Y PLANES",,"-34.587098, -58.4159612","GUEMES 3837/3859",,,
4569,14,"ESC N°5 U LLAMES DE LA PUENTE",,"-34.6037232, -58.3815931","GRAL MANSILLA 3643/R DOMINICANA S/N",,,
4571,14,"COLEGIO GUADALUPE",,"-34.5892914, -58.41825009999999","PARAGUAY 3925/J ALVAREZ 2129",,,
4578,14,"COLEGIO DEL DIVINO CORAZON",,"-34.5896347, -58.4154525","REPUBLICA DOMINICANA 3586",,,
5187,14,"ESC N°4 AMADEO JACQUES",,"-34.5919256, -58.4171656","SOLER 3929",,,
4574,14,"ESC N°11 MANUELA PEDRAZA",,"-34.5865302, -58.4205516","MALABIA 2252",,,
4603,14,"INSTITUTO AMBROSIO TOGNONI",,"-34.5804447, -58.4227911","AV SANTA FE 4320",,,
4607,14,"COLEGIO PALERMO CHICO",,"-34.5849305, -58.42624199999999","GUATEMALA 4892",,,
4611,14,"ESC N°17 BLAS PARERA",,"-34.586025, -58.4221485","ARMENIA 2214",,,
5186,14,"COLEGIO CHILDREN S",,"-34.5865274, -58.4192957","CHARCAS 3949",,,
7104,14,"CENTRO ED SAN FCO JAVIER (PRI)",,"-34.5868254, -58.4272752","JORGE LUIS BORGES 1883",,,
8145,14,"ESC N°1 REPUBLICA DE CUBA",,"-34.5865137, -58.42953230000001","COSTA RICA 4942",,,
8685,14,"CENTRO ED SAN FCO JAVIER (SEC)",,"-34.5870604, -58.4276109","JORGE LUIS BORGES 1851",,,
4562,14,"ESC Nº14 PCIA DE RIO NEGRO",,"-34.583622, -58.4435236","AREVALO 1408",,,
4568,14,"COL NAC Nº4 NICOLAS AVELLANEDA",,"-34.5839025, -58.43476429999999","EL SALVADOR 5528",,,
4575,14,"COLEGIO FASTA CATHERINA",,"-34.57813429999999, -58.43605720000001","SOLER 5942",,,
4581,14,"ESC Nº6 VICENTE FIDEL LOPEZ",,"-34.5768704, -58.43066999999999","AV SANTA FE 5039",,,
4585,14,"ESC NAC Nº31 NACIONES UNIDAS",,"-34.5797179, -58.4350897","ANGEL J CARRANZA 2045",,,
5182,14,"ESC N°9 JUAN C LAFINUR",,"-34.5838332, -58.43867659999999","GORRITI 5740",,,
5183,14,"ESC FRANCESCO FAA DI BRUNO",,"-34.580896, -58.43450799999999","BONPLAND 1999",,,
4640,14,"ESC N°4 PROV DE CORDOBA",,"-34.592664, -58.42765389999999","AV R SCALABRINI ORTIZ 1336",,,
4651,14,"INSTITUTO MARIE MANOOGIAN",,"-34.5918755, -58.4310274","ARMENIA 1338",,,
4654,14,"INST SAN GREGORIO ILUMINADOR",,"-34.5917713, -58.4308176","ARMENIA 1353",,,
4662,14,"ESC N°23 JOSE M BUSTILLO",,"-34.5897057, -58.43356559999999","THAMES 1361",,,
4557,14,"UNIVERSIDAD DE PALERMO",,"-34.5973988, -58.4158249","MARIO BRAVO 1042",,,
4626,14,"ESC N°9 CNEL BERON DE ASTRADA",,"-34.5927603, -58.4198676","EL SALVADOR 4037",,,
4629,14,"CENTRO EDUC ARQ ESPIRITU SANTO",,"-34.5909551, -58.42042549999999","F ACUÑA DE FIGUEROA 1742",,,
5194,14,"ESC N°2 DE RECUPERACION",,"-34.5962644, -58.42398060000001","JOSE A CABRERA 4078",,,
5195,14,"UNIVERSIDAD A J F KENNEDY",,"-34.595786, -58.4250947","PRINGLES 1377",,,
4665,15,"INSTITUTO GRIEGO ATENAGORAS I",,"-34.596249, -58.430118","LERMA 242",,,
4692,15,"INST SAN J DE LA PALABRA DIOS",,"-34.5931073, -58.4364238","CASTILLO 767",,,
4694,15,"ESC N°18 YAPEYU",,"-34.5950177, -58.4335798","MALABIA 964",,,
4696,15,"INST PRIV DE LA COL HELENICA",,"-34.5962635, -58.4293123","JULIAN ALVAREZ 1030",,,
4679,15,"ESC N°2 AUSTRALIA",,"-34.5954495, -58.4387842","GURRUCHAGA 739",,,
4680,15,"INSTITUTO INTEGRAL MUNDO NUEVO",,"-34.5958819, -58.4417122","SERRANO 557",,,
5200,15,"COLEGIO PAIDEIA",,"-34.59683589999999, -58.4387231","ACEVEDO 566",,,
5201,15,"JARDIN DE INFANTES N° 3",,"-34.5954767, -58.43773479999999","AGUIRRE 752",,,
8030,15,"ESC Nº19 PCIA DE CHUBUT",,"-34.5924418, -58.444737","HUMBOLDT 742",,,
4448,15,"ESC Nº12 HERMINIA BRUMANA",,"-34.5968816, -58.452371","FITZ ROY 171",,,
4451,15,"ESC Nº21 ALTE S STORNI",,"-34.596912, -58.4517726","MARTINEZ ROSAS 1364",,,
4454,15,"ESC Nº1 QUINTANA DE ESCALADA",,"-34.5987227, -58.4400713","AV CORRIENTES 5332",,,
4455,15,"ESC Nº2 FRANCISCO D HERRERA",,"-34.5987387, -58.44199080000001","CAMARGO 725",,,
4456,15,"ESC Nº17 FRANCISCO DE VITORIA",,"-34.6018747, -58.43805509999999","JULIAN ALVAREZ 240",,,
4458,15,"ESC NAC Nº16 GABRIELA MISTRAL",,"-34.6028248, -58.43948229999999","JULIAN ALVAREZ 123",,,
4464,15,"ESC Nº22 DR ROMULO S NAON",,"-34.601053, -58.4389098","ARAOZ 234",,,
4466,15,"COLEGIO BUENOS AIRES",,"-34.5984994, -58.44115499999999","ACEVEDO 357",,,
8960,15,"ESC N°6 DELFIN JIJENA",,"-34.6030005, -58.44639919999999","OLAYA 1565",,,
4459,15,"ESC Nº6 DELFIN JIJENA",,"-34.6030005, -58.44639919999999","OLAYA 1565",,,
4460,15,"INST R VIRGINUM ADORATRICES",,"-34.6037232, -58.3815931","AV H PUEYRREDON 1339 /A FIGUEROA 435",,,
4470,15,"ESC Nº16 ANDRES FERREYRA",,"-34.6065102, -58.44882579999999","CNEL APOLINARIO FIGUEROA 661 / S/N",,,
4476,15,"ESC Nº21 EMILIO OLIVE",,"-34.60404630000001, -58.45015899999999","ROJAS 1554",,,
5151,15,"ESC N°11 DR ENRIQUE MOSCA",,"-34.5998784, -58.4564796","CASAFOUST 761",,,
8406,15,"ESC N°23 ALFREDO R BUFANO",,"-34.5985526, -58.45709559999999","MANUEL A RODRIGUEZ 2332",,,
4418,15,"ESC COM Nº24 D VELEZ SARSFIELD",,"-34.5900624, -58.46754130000001","AV DEL CAMPO 1340",,,
4902,15,"ESC Nº10 RCA DEL ECUADOR",,"-34.60093, -58.46773589999999","ESPINOSA 2547",,,
5136,15,"ESC Nº20 RCA DE HONDURAS",,"-34.5697993, -58.4579951","ELCANO 4861",,,
5275,15,"ESC N°13 PCIA DE NEUQUEN",,"-34.6037232, -58.3815931","ALTE FRANCISCO SEGUI 2580",,,
8409,15,"ESC N°15 PCIA DE MENDOZA",,"-34.6017027, -58.4655323","JUAN AGUSTIN GARCIA 1511",,,
9182,15,"ESC N°1 FEDERICO GARCIA LORCA",,"-34.5950385, -58.47705699999999","AV CHORROARIN 305",,,
4446,15,"ESC Nº8 MENDEZ CASARIEGO",,"-34.5920967, -58.4543978","AV JORGE NEWBERY 4436",,,
4554,15,"ESC Nº14 DR LUIS AGOTE",,"-34.584505, -58.4494255","AV JORGE NEWBERY 3664",,,
4565,15,"ENET Nº34 E MARTIN HERMITTE",,"-34.5891342, -58.4439185","AGUIRRE 1473",,,
8964,15,"ESC N°1 RUBEN DARIO",,"-34.592581, -58.4529814","OTERO 271",,,
4509,15,"ESC Nº18 CABILDO DE BS AS",,"-34.583718, -58.4530275","AV FEDERICO LACROZE 3839",,,
4510,15,"ENET Nº32 JOSE DE SAN MARTIN",,"-34.5835908, -58.4544404","TEODORO GARCIA 3871",,,
5178,15,"ARGENTINA SCHOOL",,"-34.580531, -58.45514439999999","GIRIBONE 867 / 873",,,
8417,15,"ESC N°2 GRAL MARIANO ACHA",,"-34.5818027, -58.46260760000001","ROSETI 1450",,,
9185,15,"ESC DE COM N24 VELEZ SARSFIELD",,"-34.5900624, -58.46754130000001","AV DEL CAMPO 1340",,,
4420,15,"INST C ESTRADA DE MARTINEZ",,"-34.5876261, -58.4705616","AV DEL CAMPO 1653",,,
4437,15,"ESC Nº26 JOSE MARMOL",,"-34.5769469, -58.469102","CARBAJAL 4019",,,
4443,15,"INSTITUTO EDUCACIONAL DUAYEN",,"-34.5786539, -58.474208","BALLIVIAN 2230",,,
5135,15,"ESC Nº4 GRAL LAVALLEJA",,"-34.587362, -58.463607","14 DE JULIO 546",,,
8420,15,"INSTITUTO PARROQUIAL SAN ROQUE",,"-34.5805732, -58.4679949","CHARLONE 1866",,,
8426,15,"ESC DE RECUPERACION N°14",,"-34.5821048, -58.4725364","TRIUNVIRATO 3626",,,
9188,15,"ESC N°2 GRAL MARIANO ACHA",,"-34.5818027, -58.46260760000001","ROSETI 1450",,,
9191,15,"PROGRAMA EDUC ADULTOS 2000",,"-34.5786814, -58.47579709999999","BALLIVIAN 2329",,,
4417,15,"ESC Nº27 PETRONILA RODRIGUEZ",,"-34.6037232, -58.3815931","ANDONAEGUI 1532/HAMBURGO S/N",,,
4423,15,"INSTITUTO EDUC SANTA TERESITA",,"-34.5899695, -58.47629800000001","QUIROS 2941",,,
8435,15,"ESC N°22 AGRONOMIA",,"-34.591199, -58.4777898","AV DE LOS CONSTITUYENTES 3100",,,
9194,15,"ESC N°3 ING ALVAREZ CONDARCO",,"-34.6037232, -58.3815931","GIRARDOT 1946 / GIRARDOT S/N",,,
9197,15,"ESC N°5 ENRIQUE DE VEDIA",,"-34.5830137, -58.4732014","COMBATIENTES DE MALVINAS 3234",,,
4867,15,"ESC Nº4 CNEL ALVAREZ THOMAS",,"-34.5908054, -58.49630759999999","TERRADA 3983",,,
4871,15,"ESC Nº25 C SONDA DE PANDOLFINI",,"-34.5973261, -58.4888191","AV SAN MARTIN 5021",,,
8438,15,"ESC N°3 GRECIA",,"-34.5901366, -58.49519749999999","CONDARCO 3984",,,
8441,15,"ESC N°11 CONGRESO DE TUCUMAN",,"-34.5927657, -58.496315","PEDRO MORAN 2899",,,
8444,15,"CLUB EL TALAR",,"-34.5917769, -58.4980863","NUEVA YORK 2944",,,
