"id_mesa","id_establecimiento","descripcion","sexo","ciudadanos_habilitados","tipo","extranjera"
1,4367,1,,350,"Electronica","NO"
2,4369,2,,349,"Electronica","NO"
3,5043,3,,350,"Electronica","NO"
4,9009,4,,350,"Electronica","NO"
5,5113,5,,351,"Electronica","NO"
6,7749,6,,351,"Electronica","NO"
7,9012,7,,350,"Electronica","NO"
8,8391,8,,350,"Electronica","NO"
9,8066,9,,350,"Electronica","NO"
10,4636,10,,350,"Electronica","NO"
11,4639,11,,350,"Electronica","NO"
12,4593,12,,350,"Electronica","NO"
13,4596,13,,350,"Electronica","NO"
14,5335,14,,350,"Electronica","NO"
15,5210,15,,350,"Electronica","NO"
16,9015,16,,350,"Electronica","NO"
17,9377,17,,350,"Electronica","NO"
18,4631,18,,350,"Electronica","NO"
19,4641,19,,350,"Electronica","NO"
20,9023,20,,350,"Electronica","NO"
21,4407,21,,350,"Electronica","NO"
22,4409,22,,350,"Electronica","NO"
23,4410,23,,350,"Electronica","NO"
24,4412,24,,350,"Electronica","NO"
25,5330,25,,350,"Electronica","NO"
26,9026,26,,350,"Electronica","NO"
27,4404,27,,350,"Electronica","NO"
28,8691,28,,350,"Electronica","NO"
29,9029,29,,350,"Electronica","NO"
30,9032,30,,350,"Electronica","NO"
31,4395,31,,350,"Electronica","NO"
32,9035,32,,350,"Electronica","NO"
33,9037,33,,350,"Electronica","NO"
34,9040,34,,350,"Electronica","NO"
35,4350,35,,350,"Electronica","NO"
36,5328,36,,350,"Electronica","NO"
37,9043,37,,350,"Electronica","NO"
38,9046,38,,350,"Electronica","NO"
39,9049,39,,350,"Electronica","NO"
40,5118,40,,350,"Electronica","NO"
41,8716,41,,350,"Electronica","NO"
42,4363,42,,350,"Electronica","NO"
43,5116,43,,350,"Electronica","NO"
44,9052,44,,350,"Electronica","NO"
45,4137,45,,350,"Electronica","NO"
46,6223,46,,350,"Electronica","NO"
47,8073,47,,350,"Electronica","NO"
48,9055,48,,350,"Electronica","NO"
49,4394,49,,350,"Electronica","NO"
50,7755,50,,350,"Electronica","NO"
51,8700,51,,350,"Electronica","NO"
52,9058,52,,350,"Electronica","NO"
53,4388,53,,350,"Electronica","NO"
54,5109,54,,350,"Electronica","NO"
55,9061,55,,350,"Electronica","NO"
56,4081,56,,350,"Electronica","NO"
57,4083,57,,350,"Electronica","NO"
58,4085,58,,350,"Electronica","NO"
59,9064,59,,350,"Electronica","NO"
60,9067,60,,350,"Electronica","NO"
61,4591,61,,350,"Electronica","NO"
62,4663,62,,350,"Electronica","NO"
63,4666,63,,350,"Electronica","NO"
64,4676,64,,350,"Electronica","NO"
65,9227,65,,350,"Electronica","NO"
66,4570,66,,350,"Electronica","NO"
67,8075,67,,350,"Electronica","NO"
68,8810,68,,350,"Electronica","NO"
69,9099,69,,350,"Electronica","NO"
70,9102,70,,350,"Electronica","NO"
71,9105,71,,350,"Electronica","NO"
72,4600,72,,350,"Electronica","NO"
73,4621,73,,350,"Electronica","NO"
74,8818,74,,350,"Electronica","NO"
75,9108,75,,350,"Electronica","NO"
76,9111,76,,350,"Electronica","NO"
77,4594,77,,350,"Electronica","NO"
78,4602,78,,350,"Electronica","NO"
79,9114,79,,350,"Electronica","NO"
80,9116,80,,350,"Electronica","NO"
81,4653,81,,350,"Electronica","NO"
82,9119,82,,350,"Electronica","NO"
83,9122,83,,350,"Electronica","NO"
84,4604,84,,350,"Electronica","NO"
85,4606,85,,350,"Electronica","NO"
86,4612,86,,350,"Electronica","NO"
87,5209,87,,350,"Electronica","NO"
88,9125,88,,350,"Electronica","NO"
89,4616,89,,350,"Electronica","NO"
90,9129,90,,350,"Electronica","NO"
91,9132,91,,350,"Electronica","NO"
92,4555,92,,350,"Electronica","NO"
93,8841,93,,350,"Electronica","NO"
94,8844,94,,350,"Electronica","NO"
95,9135,95,,350,"Electronica","NO"
96,4545,96,,350,"Electronica","NO"
97,9138,97,,350,"Electronica","NO"
98,9141,98,,350,"Electronica","NO"
99,4307,99,,350,"Electronica","NO"
100,4311,100,,350,"Electronica","NO"
101,4315,101,,350,"Electronica","NO"
102,9311,102,,350,"Electronica","NO"
103,4338,103,,350,"Electronica","NO"
104,4345,104,,350,"Electronica","NO"
105,9285,105,,350,"Electronica","NO"
106,4318,106,,350,"Electronica","NO"
107,4320,107,,350,"Electronica","NO"
108,5107,108,,350,"Electronica","NO"
109,8735,109,,350,"Electronica","NO"
110,9372,110,,350,"Electronica","NO"
111,4295,111,,350,"Electronica","NO"
112,4298,112,,350,"Electronica","NO"
113,5096,113,,350,"Electronica","NO"
114,4327,114,,350,"Electronica","NO"
115,4329,115,,350,"Electronica","NO"
116,4335,116,,350,"Electronica","NO"
117,8743,117,,350,"Electronica","NO"
118,4286,118,,350,"Electronica","NO"
119,5095,119,,350,"Electronica","NO"
120,5324,120,,350,"Electronica","NO"
121,4264,121,,350,"Electronica","NO"
122,4271,122,,350,"Electronica","NO"
123,4310,123,,350,"Electronica","NO"
124,4314,124,,350,"Electronica","NO"
125,4324,125,,350,"Electronica","NO"
126,5099,126,,350,"Electronica","NO"
127,8750,127,,350,"Electronica","NO"
128,4319,128,,350,"Electronica","NO"
129,4322,129,,350,"Electronica","NO"
130,8740,130,,350,"Electronica","NO"
131,8746,131,,350,"Electronica","NO"
132,4312,132,,350,"Electronica","NO"
133,4317,133,,350,"Electronica","NO"
134,4341,134,,350,"Electronica","NO"
135,4342,135,,350,"Electronica","NO"
136,4344,136,,350,"Electronica","NO"
137,8157,137,,350,"Electronica","NO"
138,4261,138,,350,"Electronica","NO"
139,4305,139,,350,"Electronica","NO"
140,4263,140,,350,"Electronica","NO"
141,4265,141,,350,"Electronica","NO"
142,4268,142,,350,"Electronica","NO"
143,4288,143,,350,"Electronica","NO"
144,4300,144,,350,"Electronica","NO"
145,5092,145,,350,"Electronica","NO"
146,4272,146,,350,"Electronica","NO"
147,4274,147,,350,"Electronica","NO"
148,4276,148,,350,"Electronica","NO"
149,4279,149,,350,"Electronica","NO"
150,4282,150,,350,"Electronica","NO"
151,4059,151,,350,"Electronica","NO"
152,5310,152,,350,"Electronica","NO"
153,5311,153,,350,"Electronica","NO"
154,4048,154,,350,"Electronica","NO"
155,5037,155,,350,"Electronica","NO"
156,5312,156,,350,"Electronica","NO"
157,4045,157,,350,"Electronica","NO"
158,5035,158,,350,"Electronica","NO"
159,8753,159,,350,"Electronica","NO"
160,4037,160,,350,"Electronica","NO"
161,4041,161,,350,"Electronica","NO"
162,4046,162,,350,"Electronica","NO"
163,4030,163,,350,"Electronica","NO"
164,4033,164,,350,"Electronica","NO"
165,9326,165,,350,"Electronica","NO"
166,4121,166,,350,"Electronica","NO"
167,5040,167,,350,"Electronica","NO"
168,8064,168,,350,"Electronica","NO"
169,8788,169,,350,"Electronica","NO"
170,9320,170,,350,"Electronica","NO"
171,9323,171,,350,"Electronica","NO"
172,4112,172,,350,"Electronica","NO"
173,4115,173,,350,"Electronica","NO"
174,5041,174,,350,"Electronica","NO"
175,9329,175,,350,"Electronica","NO"
176,9332,176,,350,"Electronica","NO"
177,4131,177,,350,"Electronica","NO"
178,4153,178,,350,"Electronica","NO"
179,6427,179,,350,"Electronica","NO"
180,9335,180,,350,"Electronica","NO"
181,4076,181,,350,"Electronica","NO"
182,4077,182,,350,"Electronica","NO"
183,4084,183,,350,"Electronica","NO"
184,4086,184,,350,"Electronica","NO"
185,5046,185,,350,"Electronica","NO"
186,5047,186,,350,"Electronica","NO"
187,4094,187,,350,"Electronica","NO"
188,4095,188,,350,"Electronica","NO"
189,5314,189,,350,"Electronica","NO"
190,5315,190,,350,"Electronica","NO"
191,5338,191,,350,"Electronica","NO"
192,9338,192,,350,"Electronica","NO"
193,4097,193,,350,"Electronica","NO"
194,4099,194,,350,"Electronica","NO"
195,4101,195,,350,"Electronica","NO"
196,9341,196,,350,"Electronica","NO"
197,4010,197,,350,"Electronica","NO"
198,4015,198,,350,"Electronica","NO"
199,5030,199,,350,"Electronica","NO"
200,5032,200,,350,"Electronica","NO"
201,9344,201,,350,"Electronica","NO"
202,4810,202,,350,"Electronica","NO"
203,4815,203,,350,"Electronica","NO"
204,4829,204,,350,"Electronica","NO"
205,9347,205,,350,"Electronica","NO"
206,4009,206,,350,"Electronica","NO"
207,4770,207,,350,"Electronica","NO"
208,4775,208,,350,"Electronica","NO"
209,4825,209,,350,"Electronica","NO"
210,5150,210,,350,"Electronica","NO"
211,9350,211,,350,"Electronica","NO"
212,4049,212,,350,"Electronica","NO"
213,4764,213,,350,"Electronica","NO"
214,4766,214,,350,"Electronica","NO"
215,4793,215,,350,"Electronica","NO"
216,5072,216,,350,"Electronica","NO"
217,8084,217,,350,"Electronica","NO"
218,8886,218,,350,"Electronica","NO"
219,9306,219,,350,"Electronica","NO"
220,4180,220,,350,"Electronica","NO"
221,4308,221,,350,"Electronica","NO"
222,8889,222,,350,"Electronica","NO"
223,9353,223,,350,"Electronica","NO"
224,9356,224,,350,"Electronica","NO"
225,4190,225,,350,"Electronica","NO"
226,4217,226,,350,"Electronica","NO"
227,5079,227,,350,"Electronica","NO"
228,7880,228,,350,"Electronica","NO"
229,9359,229,,350,"Electronica","NO"
230,4177,230,,350,"Electronica","NO"
231,4184,231,,350,"Electronica","NO"
232,9363,232,,350,"Electronica","NO"
233,4239,233,,350,"Electronica","NO"
234,4293,234,,350,"Electronica","NO"
235,8645,235,,350,"Electronica","NO"
236,8647,236,,350,"Electronica","NO"
237,9366,237,,350,"Electronica","NO"
238,4304,238,,350,"Electronica","NO"
239,5321,239,,350,"Electronica","NO"
240,6463,240,,350,"Electronica","NO"
241,8160,241,,350,"Electronica","NO"
242,8688,242,,350,"Electronica","NO"
243,4250,243,,350,"Electronica","NO"
244,4303,244,,350,"Electronica","NO"
245,9150,245,,350,"Electronica","NO"
246,9369,246,,350,"Electronica","NO"
247,5086,247,,350,"Electronica","NO"
248,5087,248,,350,"Electronica","NO"
249,8672,249,,350,"Electronica","NO"
250,9157,250,,350,"Electronica","NO"
251,4170,251,,350,"Electronica","NO"
252,4173,252,,350,"Electronica","NO"
253,4218,253,,350,"Electronica","NO"
254,4219,254,,350,"Electronica","NO"
255,4246,255,,350,"Electronica","NO"
256,5320,256,,350,"Electronica","NO"
257,8106,257,,350,"Electronica","NO"
258,4176,258,,350,"Electronica","NO"
259,4179,259,,350,"Electronica","NO"
260,4191,260,,350,"Electronica","NO"
261,4197,261,,350,"Electronica","NO"
262,4211,262,,350,"Electronica","NO"
263,4214,263,,350,"Electronica","NO"
264,8466,264,,350,"Electronica","NO"
265,4154,265,,350,"Electronica","NO"
266,4187,266,,350,"Electronica","NO"
267,4188,267,,350,"Electronica","NO"
268,4213,268,,350,"Electronica","NO"
269,4245,269,,350,"Electronica","NO"
270,5075,270,,350,"Electronica","NO"
271,8471,271,,350,"Electronica","NO"
272,4198,272,,350,"Electronica","NO"
273,4199,273,,350,"Electronica","NO"
274,8094,274,,350,"Electronica","NO"
275,8096,275,,350,"Electronica","NO"
276,8474,276,,350,"Electronica","NO"
277,8477,277,,350,"Electronica","NO"
278,8480,278,,350,"Electronica","NO"
279,9072,279,,350,"Electronica","NO"
280,4141,280,,350,"Electronica","NO"
281,4144,281,,350,"Electronica","NO"
282,4147,282,,350,"Electronica","NO"
283,4194,283,,350,"Electronica","NO"
284,4210,284,,350,"Electronica","NO"
285,8486,285,,350,"Electronica","NO"
286,4472,286,,350,"Electronica","NO"
287,4473,287,,350,"Electronica","NO"
288,4474,288,,350,"Electronica","NO"
289,5154,289,,350,"Electronica","NO"
290,5059,290,,350,"Electronica","NO"
291,5060,291,,350,"Electronica","NO"
292,5063,292,,350,"Electronica","NO"
293,8489,293,,350,"Electronica","NO"
294,9224,294,,350,"Electronica","NO"
295,4168,295,,350,"Electronica","NO"
296,4225,296,,350,"Electronica","NO"
297,4226,297,,350,"Electronica","NO"
298,5066,298,,350,"Electronica","NO"
299,5067,299,,350,"Electronica","NO"
300,8492,300,,350,"Electronica","NO"
301,4719,301,,350,"Electronica","NO"
302,5068,302,,350,"Electronica","NO"
303,5069,303,,350,"Electronica","NO"
304,4156,304,,350,"Electronica","NO"
305,4157,305,,350,"Electronica","NO"
306,5071,306,,350,"Electronica","NO"
307,6589,307,,350,"Electronica","NO"
308,8861,308,,350,"Electronica","NO"
309,4051,309,,350,"Electronica","NO"
310,4780,310,,350,"Electronica","NO"
311,4783,311,,350,"Electronica","NO"
312,4794,312,,350,"Electronica","NO"
313,5137,313,,350,"Electronica","NO"
314,4737,314,,350,"Electronica","NO"
315,5139,315,,350,"Electronica","NO"
316,8097,316,,350,"Electronica","NO"
317,8864,317,,350,"Electronica","NO"
318,4117,318,,350,"Electronica","NO"
319,4122,319,,350,"Electronica","NO"
320,4127,320,,350,"Electronica","NO"
321,8867,321,,350,"Electronica","NO"
322,4195,322,,350,"Electronica","NO"
323,4200,323,,350,"Electronica","NO"
324,6657,324,,350,"Electronica","NO"
325,4132,325,,350,"Electronica","NO"
326,5317,326,,350,"Electronica","NO"
327,8870,327,,350,"Electronica","NO"
328,8872,328,,350,"Electronica","NO"
329,4110,329,,350,"Electronica","NO"
330,4136,330,,350,"Electronica","NO"
331,5051,331,,350,"Electronica","NO"
332,8883,332,,350,"Electronica","NO"
333,4133,333,,350,"Electronica","NO"
334,4165,334,,350,"Electronica","NO"
335,4172,335,,350,"Electronica","NO"
336,4185,336,,350,"Electronica","NO"
337,5316,337,,350,"Electronica","NO"
338,9282,338,,350,"Electronica","NO"
339,4105,339,,350,"Electronica","NO"
340,4106,340,,350,"Electronica","NO"
341,4107,341,,350,"Electronica","NO"
342,4148,342,,350,"Electronica","NO"
343,4149,343,,350,"Electronica","NO"
344,4162,344,,350,"Electronica","NO"
345,8879,345,,350,"Electronica","NO"
346,4717,346,,350,"Electronica","NO"
347,4722,347,,350,"Electronica","NO"
348,4727,348,,350,"Electronica","NO"
349,4735,349,,350,"Electronica","NO"
350,4739,350,,350,"Electronica","NO"
351,5131,351,,350,"Electronica","NO"
352,5152,352,,350,"Electronica","NO"
353,4706,353,,350,"Electronica","NO"
354,4716,354,,350,"Electronica","NO"
355,4821,355,,350,"Electronica","NO"
356,4830,356,,350,"Electronica","NO"
357,4836,357,,350,"Electronica","NO"
358,4839,358,,350,"Electronica","NO"
359,4843,359,,350,"Electronica","NO"
360,5146,360,,350,"Electronica","NO"
361,5148,361,,350,"Electronica","NO"
362,4703,362,,350,"Electronica","NO"
363,4761,363,,350,"Electronica","NO"
364,4769,364,,350,"Electronica","NO"
365,5121,365,,350,"Electronica","NO"
366,5124,366,,350,"Electronica","NO"
367,4705,367,,350,"Electronica","NO"
368,4709,368,,350,"Electronica","NO"
369,4713,369,,350,"Electronica","NO"
370,4720,370,,350,"Electronica","NO"
371,4723,371,,350,"Electronica","NO"
372,4725,372,,350,"Electronica","NO"
373,4733,373,,350,"Electronica","NO"
374,4756,374,,350,"Electronica","NO"
375,4765,375,,350,"Electronica","NO"
376,5119,376,,350,"Electronica","NO"
377,8447,377,,350,"Electronica","NO"
378,4701,378,,350,"Electronica","NO"
379,4707,379,,350,"Electronica","NO"
380,4711,380,,350,"Electronica","NO"
381,4714,381,,350,"Electronica","NO"
382,4729,382,,350,"Electronica","NO"
383,4731,383,,350,"Electronica","NO"
384,4752,384,,350,"Electronica","NO"
385,4773,385,,350,"Electronica","NO"
386,5126,386,,350,"Electronica","NO"
387,8164,387,,350,"Electronica","NO"
388,8451,388,,350,"Electronica","NO"
389,4772,389,,350,"Electronica","NO"
390,4778,390,,350,"Electronica","NO"
391,8919,391,,350,"Electronica","NO"
392,5024,392,,350,"Electronica","NO"
393,5025,393,,350,"Electronica","NO"
394,6639,394,,350,"Electronica","NO"
395,8113,395,,350,"Electronica","NO"
396,4070,396,,350,"Electronica","NO"
397,4073,397,,350,"Electronica","NO"
398,5028,398,,350,"Electronica","NO"
399,8922,399,,350,"Electronica","NO"
400,8925,400,,350,"Electronica","NO"
401,9230,401,,350,"Electronica","NO"
402,4670,402,,350,"Electronica","NO"
403,4677,403,,350,"Electronica","NO"
404,4686,404,,350,"Electronica","NO"
405,4695,405,,350,"Electronica","NO"
406,5212,406,,350,"Electronica","NO"
407,9233,407,,350,"Electronica","NO"
408,4693,408,,350,"Electronica","NO"
409,4697,409,,350,"Electronica","NO"
410,6759,410,,350,"Electronica","NO"
411,8561,411,,350,"Electronica","NO"
412,9238,412,,350,"Electronica","NO"
413,4678,413,,350,"Electronica","NO"
414,4681,414,,350,"Electronica","NO"
415,4690,415,,350,"Electronica","NO"
416,9395,416,,350,"Electronica","NO"
417,9415,417,,350,"Electronica","NO"
418,4661,418,,350,"Electronica","NO"
419,4672,419,,350,"Electronica","NO"
420,4675,420,,350,"Electronica","NO"
421,5217,421,,350,"Electronica","NO"
422,8544,422,,350,"Electronica","NO"
423,9404,423,,350,"Electronica","NO"
424,4738,424,,350,"Electronica","NO"
425,5221,425,,350,"Electronica","NO"
426,5618,426,,350,"Electronica","NO"
427,9241,427,,350,"Electronica","NO"
428,4724,428,,350,"Electronica","NO"
429,4726,429,,350,"Electronica","NO"
430,4730,430,,350,"Electronica","NO"
431,4746,431,,350,"Electronica","NO"
432,8120,432,,350,"Electronica","NO"
433,9246,433,,350,"Electronica","NO"
434,4721,434,,350,"Electronica","NO"
435,4728,435,,350,"Electronica","NO"
436,4732,436,,350,"Electronica","NO"
437,4734,437,,350,"Electronica","NO"
438,4736,438,,350,"Electronica","NO"
439,4744,439,,350,"Electronica","NO"
440,5237,440,,350,"Electronica","NO"
441,9249,441,,350,"Electronica","NO"
442,4801,442,,350,"Electronica","NO"
443,4804,443,,350,"Electronica","NO"
444,4809,444,,350,"Electronica","NO"
445,5228,445,,350,"Electronica","NO"
446,8570,446,,350,"Electronica","NO"
447,5226,447,,350,"Electronica","NO"
448,5239,448,,350,"Electronica","NO"
449,8573,449,,350,"Electronica","NO"
450,4797,450,,350,"Electronica","NO"
451,4800,451,,350,"Electronica","NO"
452,4807,452,,350,"Electronica","NO"
453,5234,453,,350,"Electronica","NO"
454,5238,454,,350,"Electronica","NO"
455,4754,455,,350,"Electronica","NO"
456,4805,456,,350,"Electronica","NO"
457,4817,457,,350,"Electronica","NO"
458,4820,458,,350,"Electronica","NO"
459,4827,459,,350,"Electronica","NO"
460,5240,460,,350,"Electronica","NO"
461,8579,461,,350,"Electronica","NO"
462,4819,462,,350,"Electronica","NO"
463,5232,463,,350,"Electronica","NO"
464,5236,464,,350,"Electronica","NO"
465,8582,465,,350,"Electronica","NO"
466,4056,466,,350,"Electronica","NO"
467,4058,467,,350,"Electronica","NO"
468,4060,468,,350,"Electronica","NO"
469,4063,469,,350,"Electronica","NO"
470,4064,470,,350,"Electronica","NO"
471,5027,471,,350,"Electronica","NO"
472,5224,472,,350,"Electronica","NO"
473,9264,473,,350,"Electronica","NO"
474,4823,474,,350,"Electronica","NO"
475,5169,475,,350,"Electronica","NO"
476,5233,476,,350,"Electronica","NO"
477,7764,477,,350,"Electronica","NO"
478,8591,478,,350,"Electronica","NO"
479,9267,479,,350,"Electronica","NO"
480,4017,480,,350,"Electronica","NO"
481,4034,481,,350,"Electronica","NO"
482,4038,482,,350,"Electronica","NO"
483,4039,483,,350,"Electronica","NO"
484,5026,484,,350,"Electronica","NO"
485,9270,485,,350,"Electronica","NO"
486,4757,486,,350,"Electronica","NO"
487,4759,487,,350,"Electronica","NO"
488,4762,488,,350,"Electronica","NO"
489,4771,489,,350,"Electronica","NO"
490,5165,490,,350,"Electronica","NO"
491,4032,491,,350,"Electronica","NO"
492,5336,492,,350,"Electronica","NO"
493,7943,493,,350,"Electronica","NO"
494,9274,494,,350,"Electronica","NO"
495,4018,495,,350,"Electronica","NO"
496,4024,496,,350,"Electronica","NO"
497,9279,497,,350,"Electronica","NO"
498,4755,498,,350,"Electronica","NO"
499,4774,499,,350,"Electronica","NO"
500,8124,500,,350,"Electronica","NO"
501,8125,501,,350,"Electronica","NO"
502,8970,502,,350,"Electronica","NO"
503,4932,503,,350,"Electronica","NO"
504,4941,504,,350,"Electronica","NO"
505,4946,505,,350,"Electronica","NO"
506,4949,506,,350,"Electronica","NO"
507,8611,507,,350,"Electronica","NO"
508,9165,508,,350,"Electronica","NO"
509,4904,509,,350,"Electronica","NO"
510,4938,510,,350,"Electronica","NO"
511,8614,511,,350,"Electronica","NO"
512,9168,512,,350,"Electronica","NO"
513,4898,513,,350,"Electronica","NO"
514,4907,514,,350,"Electronica","NO"
515,4910,515,,350,"Electronica","NO"
516,4917,516,,350,"Electronica","NO"
517,4919,517,,350,"Electronica","NO"
518,9171,518,,350,"Electronica","NO"
519,4935,519,,350,"Electronica","NO"
520,4940,520,,350,"Electronica","NO"
521,4947,521,,350,"Electronica","NO"
522,5271,522,,350,"Electronica","NO"
523,5273,523,,350,"Electronica","NO"
524,5283,524,,350,"Electronica","NO"
525,8374,525,,350,"Electronica","NO"
526,4864,526,,350,"Electronica","NO"
527,5268,527,,350,"Electronica","NO"
528,7768,528,,350,"Electronica","NO"
529,8617,529,,350,"Electronica","NO"
530,9174,530,,350,"Electronica","NO"
531,9176,531,,350,"Electronica","NO"
532,4802,532,,350,"Electronica","NO"
533,6902,533,,350,"Electronica","NO"
534,7955,534,,350,"Electronica","NO"
535,8620,535,,350,"Electronica","NO"
536,8629,536,,350,"Electronica","NO"
537,9179,537,,350,"Electronica","NO"
538,9200,538,,350,"Electronica","NO"
539,9203,539,,350,"Electronica","NO"
540,4813,540,,350,"Electronica","NO"
541,4866,541,,350,"Electronica","NO"
542,4872,542,,350,"Electronica","NO"
543,5248,543,,350,"Electronica","NO"
544,7771,544,,350,"Electronica","NO"
545,8632,545,,350,"Electronica","NO"
546,9206,546,,350,"Electronica","NO"
547,9209,547,,350,"Electronica","NO"
548,4798,548,,350,"Electronica","NO"
549,4812,549,,350,"Electronica","NO"
550,4818,550,,350,"Electronica","NO"
551,4851,551,,350,"Electronica","NO"
552,4869,552,,350,"Electronica","NO"
553,5230,553,,350,"Electronica","NO"
554,5242,554,,350,"Electronica","NO"
555,5245,555,,350,"Electronica","NO"
556,8638,556,,350,"Electronica","NO"
557,9212,557,,350,"Electronica","NO"
558,4876,558,,350,"Electronica","NO"
559,4895,559,,350,"Electronica","NO"
560,4896,560,,350,"Electronica","NO"
561,4905,561,,350,"Electronica","NO"
562,5257,562,,350,"Electronica","NO"
563,8764,563,,350,"Electronica","NO"
564,9215,564,,350,"Electronica","NO"
565,4879,565,,350,"Electronica","NO"
566,4893,566,,350,"Electronica","NO"
567,4922,567,,350,"Electronica","NO"
568,5249,568,,350,"Electronica","NO"
569,8498,569,,350,"Electronica","NO"
570,9075,570,,350,"Electronica","NO"
571,4897,571,,350,"Electronica","NO"
572,4912,572,,350,"Electronica","NO"
573,4916,573,,350,"Electronica","NO"
574,8055,574,,350,"Electronica","NO"
575,8502,575,,350,"Electronica","NO"
576,8505,576,,350,"Electronica","NO"
577,8508,577,,350,"Electronica","NO"
578,9078,578,,350,"Electronica","NO"
579,4939,579,,350,"Electronica","NO"
580,4942,580,,350,"Electronica","NO"
581,4967,581,,350,"Electronica","NO"
582,5258,582,,350,"Electronica","NO"
583,5259,583,,350,"Electronica","NO"
584,7773,584,,350,"Electronica","NO"
585,9218,585,,350,"Electronica","NO"
586,4945,586,,350,"Electronica","NO"
587,4954,587,,350,"Electronica","NO"
588,4956,588,,350,"Electronica","NO"
589,4957,589,,350,"Electronica","NO"
590,4959,590,,350,"Electronica","NO"
591,5263,591,,350,"Electronica","NO"
592,5267,592,,350,"Electronica","NO"
593,5332,593,,350,"Electronica","NO"
594,8010,594,,350,"Electronica","NO"
595,8517,595,,350,"Electronica","NO"
596,9081,596,,350,"Electronica","NO"
597,4965,597,,350,"Electronica","NO"
598,4968,598,,350,"Electronica","NO"
599,4970,599,,350,"Electronica","NO"
600,5285,600,,350,"Electronica","NO"
601,8520,601,,350,"Electronica","NO"
602,9084,602,,350,"Electronica","NO"
603,9221,603,,350,"Electronica","NO"
604,4953,604,,350,"Electronica","NO"
605,4958,605,,350,"Electronica","NO"
606,4982,606,,350,"Electronica","NO"
607,4983,607,,350,"Electronica","NO"
608,4984,608,,350,"Electronica","NO"
609,4985,609,,350,"Electronica","NO"
610,4988,610,,350,"Electronica","NO"
611,4989,611,,350,"Electronica","NO"
612,4991,612,,350,"Electronica","NO"
613,8014,613,,350,"Electronica","NO"
614,4994,614,,350,"Electronica","NO"
615,4995,615,,350,"Electronica","NO"
616,4996,616,,350,"Electronica","NO"
617,5289,617,,350,"Electronica","NO"
618,4966,618,,350,"Electronica","NO"
619,9087,619,,350,"Electronica","NO"
620,9090,620,,350,"Electronica","NO"
621,4971,621,,350,"Electronica","NO"
622,4974,622,,350,"Electronica","NO"
623,4993,623,,350,"Electronica","NO"
624,4997,624,,350,"Electronica","NO"
625,5291,625,,350,"Electronica","NO"
626,8535,626,,350,"Electronica","NO"
627,9093,627,,350,"Electronica","NO"
628,4445,628,,350,"Electronica","NO"
629,4450,629,,350,"Electronica","NO"
630,4453,630,,350,"Electronica","NO"
631,4457,631,,350,"Electronica","NO"
632,5006,632,,350,"Electronica","NO"
633,5295,633,,350,"Electronica","NO"
634,5297,634,,350,"Electronica","NO"
635,9096,635,,350,"Electronica","NO"
636,5170,636,,350,"Electronica","NO"
637,8166,637,,350,"Electronica","NO"
638,4480,638,,350,"Electronica","NO"
639,4491,639,,350,"Electronica","NO"
640,4495,640,,350,"Electronica","NO"
641,8803,641,,350,"Electronica","NO"
642,4442,642,,350,"Electronica","NO"
643,4485,643,,350,"Electronica","NO"
644,4490,644,,350,"Electronica","NO"
645,8767,645,,350,"Electronica","NO"
646,4447,646,,350,"Electronica","NO"
647,5004,647,,350,"Electronica","NO"
648,5007,648,,350,"Electronica","NO"
649,5013,649,,350,"Electronica","NO"
650,5014,650,,350,"Electronica","NO"
651,5016,651,,350,"Electronica","NO"
652,5298,652,,350,"Electronica","NO"
653,5300,653,,350,"Electronica","NO"
654,5301,654,,350,"Electronica","NO"
655,6968,655,,350,"Electronica","NO"
656,8171,656,,350,"Electronica","NO"
657,4424,657,,350,"Electronica","NO"
658,4462,658,,350,"Electronica","NO"
659,4469,659,,350,"Electronica","NO"
660,4471,660,,350,"Electronica","NO"
661,4475,661,,350,"Electronica","NO"
662,5159,662,,350,"Electronica","NO"
663,4507,663,,350,"Electronica","NO"
664,5164,664,,350,"Electronica","NO"
665,8771,665,,350,"Electronica","NO"
666,8774,666,,350,"Electronica","NO"
667,4419,667,,350,"Electronica","NO"
668,4481,668,,350,"Electronica","NO"
669,4489,669,,350,"Electronica","NO"
670,8777,670,,350,"Electronica","NO"
671,8779,671,,350,"Electronica","NO"
672,8985,672,,350,"Electronica","NO"
673,4427,673,,350,"Electronica","NO"
674,4434,674,,350,"Electronica","NO"
675,5015,675,,350,"Electronica","NO"
676,5302,676,,350,"Electronica","NO"
677,8782,677,,350,"Electronica","NO"
678,8785,678,,350,"Electronica","NO"
679,4992,679,,350,"Electronica","NO"
680,5017,680,,350,"Electronica","NO"
681,8824,681,,350,"Electronica","NO"
682,8826,682,,350,"Electronica","NO"
683,4504,683,,350,"Electronica","NO"
684,4511,684,,350,"Electronica","NO"
685,4519,685,,350,"Electronica","NO"
686,5177,686,,350,"Electronica","NO"
687,7227,687,,350,"Electronica","NO"
688,4546,688,,350,"Electronica","NO"
689,4551,689,,350,"Electronica","NO"
690,4556,690,,350,"Electronica","NO"
691,4499,691,,350,"Electronica","NO"
692,4517,692,,350,"Electronica","NO"
693,4583,693,,350,"Electronica","NO"
694,7311,694,,350,"Electronica","NO"
695,8142,695,,350,"Electronica","NO"
696,8144,696,,350,"Electronica","NO"
697,4487,697,,350,"Electronica","NO"
698,4527,698,,350,"Electronica","NO"
699,4529,699,,350,"Electronica","NO"
700,4548,700,,350,"Electronica","NO"
701,8656,701,,350,"Electronica","NO"
702,8659,702,,350,"Electronica","NO"
703,9255,703,,350,"Electronica","NO"
704,4522,704,,350,"Electronica","NO"
705,4525,705,,350,"Electronica","NO"
706,4535,706,,350,"Electronica","NO"
707,4537,707,,350,"Electronica","NO"
708,8670,708,,350,"Electronica","NO"
709,9258,709,,350,"Electronica","NO"
710,4524,710,,350,"Electronica","NO"
711,4528,711,,350,"Electronica","NO"
712,5181,712,,350,"Electronica","NO"
713,4536,713,,350,"Electronica","NO"
714,4539,714,,350,"Electronica","NO"
715,4542,715,,350,"Electronica","NO"
716,5185,716,,350,"Electronica","NO"
717,9383,717,,350,"Electronica","NO"
718,9385,718,,350,"Electronica","NO"
719,9386,719,,350,"Electronica","NO"
720,9387,720,,350,"Electronica","NO"
721,4538,721,,350,"Electronica","NO"
722,4549,722,,350,"Electronica","NO"
723,4553,723,,350,"Electronica","NO"
724,4558,724,,350,"Electronica","NO"
725,8676,725,,350,"Electronica","NO"
726,4566,726,,350,"Electronica","NO"
727,4569,727,,350,"Electronica","NO"
728,4571,728,,350,"Electronica","NO"
729,4578,729,,350,"Electronica","NO"
730,5187,730,,350,"Electronica","NO"
731,4574,731,,350,"Electronica","NO"
732,4603,732,,350,"Electronica","NO"
733,4607,733,,350,"Electronica","NO"
734,4611,734,,350,"Electronica","NO"
735,5186,735,,350,"Electronica","NO"
736,7104,736,,350,"Electronica","NO"
737,8145,737,,350,"Electronica","NO"
738,8685,738,,350,"Electronica","NO"
739,4562,739,,350,"Electronica","NO"
740,4568,740,,350,"Electronica","NO"
741,4575,741,,350,"Electronica","NO"
742,4581,742,,350,"Electronica","NO"
743,4585,743,,350,"Electronica","NO"
744,5182,744,,350,"Electronica","NO"
745,5183,745,,350,"Electronica","NO"
746,4640,746,,350,"Electronica","NO"
747,4651,747,,350,"Electronica","NO"
748,4654,748,,350,"Electronica","NO"
749,4662,749,,350,"Electronica","NO"
750,4557,750,,350,"Electronica","NO"
751,4626,751,,350,"Electronica","NO"
752,4629,752,,350,"Electronica","NO"
753,5194,753,,350,"Electronica","NO"
754,5195,754,,350,"Electronica","NO"
755,4665,755,,350,"Electronica","NO"
756,4692,756,,350,"Electronica","NO"
757,4694,757,,350,"Electronica","NO"
758,4696,758,,350,"Electronica","NO"
759,4679,759,,350,"Electronica","NO"
760,4680,760,,350,"Electronica","NO"
761,5200,761,,350,"Electronica","NO"
762,5201,762,,350,"Electronica","NO"
763,8030,763,,350,"Electronica","NO"
764,4448,764,,350,"Electronica","NO"
765,4451,765,,350,"Electronica","NO"
766,4454,766,,350,"Electronica","NO"
767,4455,767,,350,"Electronica","NO"
768,4456,768,,350,"Electronica","NO"
769,4458,769,,350,"Electronica","NO"
770,4464,770,,350,"Electronica","NO"
771,4466,771,,350,"Electronica","NO"
772,8960,772,,350,"Electronica","NO"
773,4459,773,,350,"Electronica","NO"
774,4460,774,,350,"Electronica","NO"
775,4470,775,,350,"Electronica","NO"
776,4476,776,,350,"Electronica","NO"
777,5151,777,,350,"Electronica","NO"
778,8406,778,,350,"Electronica","NO"
779,4418,779,,350,"Electronica","NO"
780,4902,780,,350,"Electronica","NO"
781,5136,781,,350,"Electronica","NO"
782,5275,782,,350,"Electronica","NO"
783,8409,783,,350,"Electronica","NO"
784,9182,784,,350,"Electronica","NO"
785,4446,785,,350,"Electronica","NO"
786,4554,786,,350,"Electronica","NO"
787,4565,787,,350,"Electronica","NO"
788,8964,788,,350,"Electronica","NO"
789,4509,789,,350,"Electronica","NO"
790,4510,790,,350,"Electronica","NO"
791,5178,791,,350,"Electronica","NO"
792,8417,792,,350,"Electronica","NO"
793,9185,793,,350,"Electronica","NO"
794,4420,794,,350,"Electronica","NO"
795,4437,795,,350,"Electronica","NO"
796,4443,796,,350,"Electronica","NO"
797,5135,797,,350,"Electronica","NO"
798,8420,798,,350,"Electronica","NO"
799,8426,799,,350,"Electronica","NO"
800,9188,800,,350,"Electronica","NO"
801,9191,801,,350,"Electronica","NO"
802,4417,802,,350,"Electronica","NO"
803,4423,803,,350,"Electronica","NO"
804,8435,804,,350,"Electronica","NO"
805,9194,805,,350,"Electronica","NO"
806,9197,806,,350,"Electronica","NO"
807,4867,807,,350,"Electronica","NO"
808,4871,808,,350,"Electronica","NO"
809,8438,809,,350,"Electronica","NO"
810,8441,810,,350,"Electronica","NO"
811,8444,811,,350,"Electronica","NO"
